|  INFO   |    2025-07-25 10:35:40   |   [main]   c.v.a.ECommDeliveryPartnerApplication  :  Starting ECommDeliveryPartnerApplication v1.0 using Java 17.0.6 with PID 1496 (C:\Users\91782\Desktop\Work\E-Commerce\E-comm-delivery-partner-1.0.jar started by 91782 in C:\Users\91782\Desktop\Work\E-Commerce)
|  INFO   |    2025-07-25 10:35:40   |   [main]   c.v.a.ECommDeliveryPartnerApplication  :  No active profile set, falling back to 1 default profile: "default"
|  INFO   |    2025-07-25 10:35:42   |   [main]   o.s.d.r.c.RepositoryConfigurationDelegate  :  Bootstrapping Spring Data MongoDB repositories in DEFAULT mode.
|  INFO   |    2025-07-25 10:35:42   |   [main]   o.s.d.r.c.RepositoryConfigurationDelegate  :  Finished Spring Data repository scanning in 158 ms. Found 4 MongoDB repository interfaces.
|  INFO   |    2025-07-25 10:35:43   |   [main]   o.s.b.w.e.tomcat.TomcatWebServer  :  Tomcat initialized with port 8080 (http)
|  INFO   |    2025-07-25 10:35:43   |   [main]   o.a.catalina.core.StandardService  :  Starting service [Tomcat]
|  INFO   |    2025-07-25 10:35:43   |   [main]   o.a.catalina.core.StandardEngine  :  Starting Servlet engine: [Apache Tomcat/10.1.42]
|  INFO   |    2025-07-25 10:35:43   |   [main]   o.a.c.c.C.[Tomcat].[localhost].[/]  :  Initializing Spring embedded WebApplicationContext
|  INFO   |    2025-07-25 10:35:43   |   [main]   o.s.b.w.s.c.ServletWebServerApplicationContext  :  Root WebApplicationContext: initialization completed in 2866 ms
|  INFO   |    2025-07-25 10:35:44   |   [main]   org.mongodb.driver.client  :  MongoClient with metadata {"driver": {"name": "mongo-java-driver|sync|spring-boot", "version": "5.5.1"}, "os": {"type": "Windows", "name": "Windows 11", "architecture": "amd64", "version": "10.0"}, "platform": "Java/Oracle Corporation/17.0.6+9-LTS-190"} created with settings MongoClientSettings{readPreference=primary, writeConcern=WriteConcern{w=null, wTimeout=null ms, journal=null}, retryWrites=true, retryReads=true, readConcern=ReadConcern{level=null}, credential=null, transportSettings=null, commandListeners=[], codecRegistry=ProvidersCodecRegistry{codecProviders=[ValueCodecProvider{}, BsonValueCodecProvider{}, DBRefCodecProvider{}, DBObjectCodecProvider{}, DocumentCodecProvider{}, CollectionCodecProvider{}, IterableCodecProvider{}, MapCodecProvider{}, GeoJsonCodecProvider{}, GridFSFileCodecProvider{}, Jsr310CodecProvider{}, JsonObjectCodecProvider{}, BsonCodecProvider{}, EnumCodecProvider{}, com.mongodb.client.model.mql.ExpressionCodecProvider@7793ad58, com.mongodb.Jep395RecordCodecProvider@27e2287c, com.mongodb.KotlinCodecProvider@16132f21]}, loggerSettings=LoggerSettings{maxDocumentLength=1000}, clusterSettings={hosts=[localhost:27017], srvServiceName=mongodb, mode=SINGLE, requiredClusterType=UNKNOWN, requiredReplicaSetName='null', serverSelector='null', clusterListeners='[]', serverSelectionTimeout='30000 ms', localThreshold='15 ms'}, socketSettings=SocketSettings{connectTimeoutMS=10000, readTimeoutMS=0, receiveBufferSize=0, proxySettings=ProxySettings{host=null, port=null, username=null, password=null}}, heartbeatSocketSettings=SocketSettings{connectTimeoutMS=10000, readTimeoutMS=10000, receiveBufferSize=0, proxySettings=ProxySettings{host=null, port=null, username=null, password=null}}, connectionPoolSettings=ConnectionPoolSettings{maxSize=100, minSize=0, maxWaitTimeMS=120000, maxConnectionLifeTimeMS=0, maxConnectionIdleTimeMS=0, maintenanceInitialDelayMS=0, maintenanceFrequencyMS=60000, connectionPoolListeners=[], maxConnecting=2}, serverSettings=ServerSettings{heartbeatFrequencyMS=10000, minHeartbeatFrequencyMS=500, serverMonitoringMode=AUTO, serverListeners='[]', serverMonitorListeners='[]'}, sslSettings=SslSettings{enabled=false, invalidHostNameAllowed=false, context=null}, applicationName='null', compressorList=[], uuidRepresentation=JAVA_LEGACY, serverApi=null, autoEncryptionSettings=null, dnsClient=null, inetAddressResolver=null, contextProvider=null, timeoutMS=null}
|  INFO   |    2025-07-25 10:35:44   |   [cluster-ClusterId{value='688310a7f1b4ec961b2db2ee', description='null'}-localhost:27017]   org.mongodb.driver.cluster  :  Monitor thread successfully connected to server with description ServerDescription{address=localhost:27017, type=STANDALONE, cryptd=false, state=CONNECTED, ok=true, minWireVersion=0, maxWireVersion=25, maxDocumentSize=16777216, logicalSessionTimeoutMinutes=30, roundTripTimeNanos=55287300, minRoundTripTimeNanos=0}
|  INFO   |    2025-07-25 10:35:46   |   [main]   com.vss.app.config.AppConfig  :  Initializing AuthenticationManager bean from AuthenticationConfiguration
|  INFO   |    2025-07-25 10:35:46   |   [main]   com.vss.app.config.AppConfig  :  Initializing BCryptPasswordEncoder bean
|  INFO   |    2025-07-25 10:35:46   |   [main]   o.s.s.c.a.a.c.InitializeUserDetailsBeanManagerConfigurer$InitializeUserDetailsManagerConfigurer  :  Global AuthenticationManager configured with UserDetailsService bean with name deliverypartnerDetailsService
|  INFO   |    2025-07-25 10:35:46   |   [main]   com.vss.app.service.ZipCodeService  :  ZipCodeService initialized with repositories
|  INFO   |    2025-07-25 10:35:46   |   [main]   c.v.app.controller.ZipCodeController  :  ZipCodeController initialized with ZipCodeService
|  INFO   |    2025-07-25 10:35:46   |   [main]   com.vss.app.config.SecurityConfig  :  Initializing security filter chain...
|  INFO   |    2025-07-25 10:35:46   |   [main]   com.vss.app.config.SecurityConfig  :  CORS support enabled in Spring Security
|  INFO   |    2025-07-25 10:35:46   |   [main]   com.vss.app.config.SecurityConfig  :  Setting security rules for HTTP requests
|  INFO   |    2025-07-25 10:35:46   |   [main]   com.vss.app.config.WebConfig  :  Configuring CORS for path pattern '/api/**'
|  INFO   |    2025-07-25 10:35:46   |   [main]   com.vss.app.config.WebConfig  :  CORS configuration applied: Origin=http://localhost:5173, Methods=[GET, POST, PUT, DELETE, OPTIONS]
|  INFO   |    2025-07-25 10:35:47   |   [main]   com.vss.app.config.SecurityConfig  :  Registering authentication entry point for exception handling
|  INFO   |    2025-07-25 10:35:47   |   [main]   com.vss.app.config.SecurityConfig  :  Configuring stateless session management
|  INFO   |    2025-07-25 10:35:47   |   [main]   com.vss.app.config.SecurityConfig  :  JWT authentication filter registered
|  INFO   |    2025-07-25 10:35:47   |   [main]   com.vss.app.config.SecurityConfig  :  Defining CORS configuration source...
|  INFO   |    2025-07-25 10:35:47   |   [main]   com.vss.app.config.SecurityConfig  :  CORS allowed origins: [http://localhost:5173]
|  INFO   |    2025-07-25 10:35:47   |   [main]   com.vss.app.config.SecurityConfig  :  CORS allowed methods: [GET, POST, PUT, DELETE, OPTIONS, PATCH]
|  INFO   |    2025-07-25 10:35:47   |   [main]   com.vss.app.config.SecurityConfig  :  CORS configuration applied to all endpoints
|  INFO   |    2025-07-25 10:35:47   |   [main]   o.s.b.w.e.tomcat.TomcatWebServer  :  Tomcat started on port 8080 (http) with context path '/'
|  INFO   |    2025-07-25 10:35:47   |   [main]   c.v.a.ECommDeliveryPartnerApplication  :  Started ECommDeliveryPartnerApplication in 8.574 seconds (process running for 9.677)
|  INFO   |    2025-07-25 10:36:54   |   [http-nio-8080-exec-1]   o.a.c.c.C.[Tomcat].[localhost].[/]  :  Initializing Spring DispatcherServlet 'dispatcherServlet'
|  INFO   |    2025-07-25 10:36:54   |   [http-nio-8080-exec-1]   o.s.web.servlet.DispatcherServlet  :  Initializing Servlet 'dispatcherServlet'
|  INFO   |    2025-07-25 10:36:54   |   [http-nio-8080-exec-1]   o.s.web.servlet.DispatcherServlet  :  Completed initialization in 2 ms
|  INFO   |    2025-07-25 10:36:55   |   [http-nio-8080-exec-2]   c.v.a.s.JwtAuthenticationFilter  :  Authorization Header: Bearer eyJhbGciOiJIUzUxMiJ9.eyJzdWIiOiJhZG1pbkBnbWFpbC5jb20iLCJpYXQiOjE3NTM0MTc5MzcsImV4cCI6MTc1MzQzNTkzN30.2FSVk46R_3TnkmdWwOhH-TjneH6GAjsUqUGz35pJFZ_Y6B7nrT2guk6mRu6pl5EHxvQ9kC24W3ROeuZmjdJwjQ
|  ERROR  |    2025-07-25 10:36:55   |   [http-nio-8080-exec-2]   o.a.c.c.C.[.[.[.[dispatcherServlet]  :  Servlet.service() for servlet [dispatcherServlet] in context with path [] threw exception
org.springframework.security.core.userdetails.UsernameNotFoundException: User not found with email: admin@gmail.com
	at com.vss.app.service.DeliverypartnerDetailsService.lambda$loadUserByUsername$0(DeliverypartnerDetailsService.java:30)
	at java.base/java.util.Optional.orElseThrow(Optional.java:403)
	at com.vss.app.service.DeliverypartnerDetailsService.loadUserByUsername(DeliverypartnerDetailsService.java:30)
	at com.vss.app.security.JwtAuthenticationFilter.doFilterInternal(JwtAuthenticationFilter.java:64)
	at org.springframework.web.filter.OncePerRequestFilter.doFilter(OncePerRequestFilter.java:116)
	at org.springframework.security.web.FilterChainProxy$VirtualFilterChain.doFilter(FilterChainProxy.java:374)
	at org.springframework.security.web.authentication.logout.LogoutFilter.doFilter(LogoutFilter.java:107)
	at org.springframework.security.web.authentication.logout.LogoutFilter.doFilter(LogoutFilter.java:93)
	at org.springframework.security.web.FilterChainProxy$VirtualFilterChain.doFilter(FilterChainProxy.java:374)
	at org.springframework.web.filter.CorsFilter.doFilterInternal(CorsFilter.java:91)
	at org.springframework.web.filter.OncePerRequestFilter.doFilter(OncePerRequestFilter.java:116)
	at org.springframework.security.web.FilterChainProxy$VirtualFilterChain.doFilter(FilterChainProxy.java:374)
	at org.springframework.security.web.header.HeaderWriterFilter.doHeadersAfter(HeaderWriterFilter.java:90)
	at org.springframework.security.web.header.HeaderWriterFilter.doFilterInternal(HeaderWriterFilter.java:75)
	at org.springframework.web.filter.OncePerRequestFilter.doFilter(OncePerRequestFilter.java:116)
	at org.springframework.security.web.FilterChainProxy$VirtualFilterChain.doFilter(FilterChainProxy.java:374)
	at org.springframework.security.web.context.SecurityContextHolderFilter.doFilter(SecurityContextHolderFilter.java:82)
	at org.springframework.security.web.context.SecurityContextHolderFilter.doFilter(SecurityContextHolderFilter.java:69)
	at org.springframework.security.web.FilterChainProxy$VirtualFilterChain.doFilter(FilterChainProxy.java:374)
	at org.springframework.security.web.context.request.async.WebAsyncManagerIntegrationFilter.doFilterInternal(WebAsyncManagerIntegrationFilter.java:62)
	at org.springframework.web.filter.OncePerRequestFilter.doFilter(OncePerRequestFilter.java:116)
	at org.springframework.security.web.FilterChainProxy$VirtualFilterChain.doFilter(FilterChainProxy.java:374)
	at org.springframework.security.web.session.DisableEncodeUrlFilter.doFilterInternal(DisableEncodeUrlFilter.java:42)
	at org.springframework.web.filter.OncePerRequestFilter.doFilter(OncePerRequestFilter.java:116)
	at org.springframework.security.web.FilterChainProxy$VirtualFilterChain.doFilter(FilterChainProxy.java:374)
	at org.springframework.security.web.FilterChainProxy.doFilterInternal(FilterChainProxy.java:233)
	at org.springframework.security.web.FilterChainProxy.doFilter(FilterChainProxy.java:191)
	at org.springframework.web.filter.CompositeFilter$VirtualFilterChain.doFilter(CompositeFilter.java:113)
	at org.springframework.web.filter.ServletRequestPathFilter.doFilter(ServletRequestPathFilter.java:52)
	at org.springframework.web.filter.CompositeFilter$VirtualFilterChain.doFilter(CompositeFilter.java:113)
	at org.springframework.web.filter.CompositeFilter.doFilter(CompositeFilter.java:74)
	at org.springframework.security.config.annotation.web.configuration.WebSecurityConfiguration$CompositeFilterChainProxy.doFilter(WebSecurityConfiguration.java:319)
	at org.springframework.web.filter.CompositeFilter$VirtualFilterChain.doFilter(CompositeFilter.java:113)
	at org.springframework.web.servlet.handler.HandlerMappingIntrospector.lambda$createCacheFilter$4(HandlerMappingIntrospector.java:267)
	at org.springframework.web.filter.CompositeFilter$VirtualFilterChain.doFilter(CompositeFilter.java:113)
	at org.springframework.web.filter.CompositeFilter.doFilter(CompositeFilter.java:74)
	at org.springframework.security.config.annotation.web.configuration.WebMvcSecurityConfiguration$CompositeFilterChainProxy.doFilter(WebMvcSecurityConfiguration.java:240)
	at org.springframework.web.filter.DelegatingFilterProxy.invokeDelegate(DelegatingFilterProxy.java:362)
	at org.springframework.web.filter.DelegatingFilterProxy.doFilter(DelegatingFilterProxy.java:278)
	at org.apache.catalina.core.ApplicationFilterChain.internalDoFilter(ApplicationFilterChain.java:164)
	at org.apache.catalina.core.ApplicationFilterChain.doFilter(ApplicationFilterChain.java:140)
	at org.springframework.web.filter.RequestContextFilter.doFilterInternal(RequestContextFilter.java:100)
	at org.springframework.web.filter.OncePerRequestFilter.doFilter(OncePerRequestFilter.java:116)
	at org.apache.catalina.core.ApplicationFilterChain.internalDoFilter(ApplicationFilterChain.java:164)
	at org.apache.catalina.core.ApplicationFilterChain.doFilter(ApplicationFilterChain.java:140)
	at org.springframework.web.filter.FormContentFilter.doFilterInternal(FormContentFilter.java:93)
	at org.springframework.web.filter.OncePerRequestFilter.doFilter(OncePerRequestFilter.java:116)
	at org.apache.catalina.core.ApplicationFilterChain.internalDoFilter(ApplicationFilterChain.java:164)
	at org.apache.catalina.core.ApplicationFilterChain.doFilter(ApplicationFilterChain.java:140)
	at org.springframework.web.filter.CharacterEncodingFilter.doFilterInternal(CharacterEncodingFilter.java:201)
	at org.springframework.web.filter.OncePerRequestFilter.doFilter(OncePerRequestFilter.java:116)
	at org.apache.catalina.core.ApplicationFilterChain.internalDoFilter(ApplicationFilterChain.java:164)
	at org.apache.catalina.core.ApplicationFilterChain.doFilter(ApplicationFilterChain.java:140)
	at org.apache.catalina.core.StandardWrapperValve.invoke(StandardWrapperValve.java:167)
	at org.apache.catalina.core.StandardContextValve.invoke(StandardContextValve.java:90)
	at org.apache.catalina.authenticator.AuthenticatorBase.invoke(AuthenticatorBase.java:483)
	at org.apache.catalina.core.StandardHostValve.invoke(StandardHostValve.java:116)
	at org.apache.catalina.valves.ErrorReportValve.invoke(ErrorReportValve.java:93)
	at org.apache.catalina.core.StandardEngineValve.invoke(StandardEngineValve.java:74)
	at org.apache.catalina.connector.CoyoteAdapter.service(CoyoteAdapter.java:344)
	at org.apache.coyote.http11.Http11Processor.service(Http11Processor.java:398)
	at org.apache.coyote.AbstractProcessorLight.process(AbstractProcessorLight.java:63)
	at org.apache.coyote.AbstractProtocol$ConnectionHandler.process(AbstractProtocol.java:903)
	at org.apache.tomcat.util.net.NioEndpoint$SocketProcessor.doRun(NioEndpoint.java:1769)
	at org.apache.tomcat.util.net.SocketProcessorBase.run(SocketProcessorBase.java:52)
	at org.apache.tomcat.util.threads.ThreadPoolExecutor.runWorker(ThreadPoolExecutor.java:1189)
	at org.apache.tomcat.util.threads.ThreadPoolExecutor$Worker.run(ThreadPoolExecutor.java:658)
	at org.apache.tomcat.util.threads.TaskThread$WrappingRunnable.run(TaskThread.java:63)
	at java.base/java.lang.Thread.run(Thread.java:833)
|  WARN   |    2025-07-25 10:36:55   |   [http-nio-8080-exec-2]   c.v.a.s.JwtAuthenticationEntryPoint  :  Unauthorized access attempt: Full authentication is required to access this resource
|  INFO   |    2025-07-25 10:36:58   |   [http-nio-8080-exec-7]   c.v.a.s.JwtAuthenticationFilter  :  Authorization Header: Bearer eyJhbGciOiJIUzUxMiJ9.eyJzdWIiOiJhZG1pbkBnbWFpbC5jb20iLCJpYXQiOjE3NTM0MTc5MzcsImV4cCI6MTc1MzQzNTkzN30.2FSVk46R_3TnkmdWwOhH-TjneH6GAjsUqUGz35pJFZ_Y6B7nrT2guk6mRu6pl5EHxvQ9kC24W3ROeuZmjdJwjQ
|  INFO   |    2025-07-25 10:36:58   |   [http-nio-8080-exec-5]   c.v.a.s.JwtAuthenticationFilter  :  Authorization Header: Bearer eyJhbGciOiJIUzUxMiJ9.eyJzdWIiOiJhZG1pbkBnbWFpbC5jb20iLCJpYXQiOjE3NTM0MTc5MzcsImV4cCI6MTc1MzQzNTkzN30.2FSVk46R_3TnkmdWwOhH-TjneH6GAjsUqUGz35pJFZ_Y6B7nrT2guk6mRu6pl5EHxvQ9kC24W3ROeuZmjdJwjQ
|  ERROR  |    2025-07-25 10:36:58   |   [http-nio-8080-exec-7]   o.a.c.c.C.[.[.[.[dispatcherServlet]  :  Servlet.service() for servlet [dispatcherServlet] in context with path [] threw exception
org.springframework.security.core.userdetails.UsernameNotFoundException: User not found with email: admin@gmail.com
	at com.vss.app.service.DeliverypartnerDetailsService.lambda$loadUserByUsername$0(DeliverypartnerDetailsService.java:30)
	at java.base/java.util.Optional.orElseThrow(Optional.java:403)
	at com.vss.app.service.DeliverypartnerDetailsService.loadUserByUsername(DeliverypartnerDetailsService.java:30)
	at com.vss.app.security.JwtAuthenticationFilter.doFilterInternal(JwtAuthenticationFilter.java:64)
	at org.springframework.web.filter.OncePerRequestFilter.doFilter(OncePerRequestFilter.java:116)
	at org.springframework.security.web.FilterChainProxy$VirtualFilterChain.doFilter(FilterChainProxy.java:374)
	at org.springframework.security.web.authentication.logout.LogoutFilter.doFilter(LogoutFilter.java:107)
	at org.springframework.security.web.authentication.logout.LogoutFilter.doFilter(LogoutFilter.java:93)
	at org.springframework.security.web.FilterChainProxy$VirtualFilterChain.doFilter(FilterChainProxy.java:374)
	at org.springframework.web.filter.CorsFilter.doFilterInternal(CorsFilter.java:91)
	at org.springframework.web.filter.OncePerRequestFilter.doFilter(OncePerRequestFilter.java:116)
	at org.springframework.security.web.FilterChainProxy$VirtualFilterChain.doFilter(FilterChainProxy.java:374)
	at org.springframework.security.web.header.HeaderWriterFilter.doHeadersAfter(HeaderWriterFilter.java:90)
	at org.springframework.security.web.header.HeaderWriterFilter.doFilterInternal(HeaderWriterFilter.java:75)
	at org.springframework.web.filter.OncePerRequestFilter.doFilter(OncePerRequestFilter.java:116)
	at org.springframework.security.web.FilterChainProxy$VirtualFilterChain.doFilter(FilterChainProxy.java:374)
	at org.springframework.security.web.context.SecurityContextHolderFilter.doFilter(SecurityContextHolderFilter.java:82)
	at org.springframework.security.web.context.SecurityContextHolderFilter.doFilter(SecurityContextHolderFilter.java:69)
	at org.springframework.security.web.FilterChainProxy$VirtualFilterChain.doFilter(FilterChainProxy.java:374)
	at org.springframework.security.web.context.request.async.WebAsyncManagerIntegrationFilter.doFilterInternal(WebAsyncManagerIntegrationFilter.java:62)
	at org.springframework.web.filter.OncePerRequestFilter.doFilter(OncePerRequestFilter.java:116)
	at org.springframework.security.web.FilterChainProxy$VirtualFilterChain.doFilter(FilterChainProxy.java:374)
	at org.springframework.security.web.session.DisableEncodeUrlFilter.doFilterInternal(DisableEncodeUrlFilter.java:42)
	at org.springframework.web.filter.OncePerRequestFilter.doFilter(OncePerRequestFilter.java:116)
	at org.springframework.security.web.FilterChainProxy$VirtualFilterChain.doFilter(FilterChainProxy.java:374)
	at org.springframework.security.web.FilterChainProxy.doFilterInternal(FilterChainProxy.java:233)
	at org.springframework.security.web.FilterChainProxy.doFilter(FilterChainProxy.java:191)
	at org.springframework.web.filter.CompositeFilter$VirtualFilterChain.doFilter(CompositeFilter.java:113)
	at org.springframework.web.filter.ServletRequestPathFilter.doFilter(ServletRequestPathFilter.java:52)
	at org.springframework.web.filter.CompositeFilter$VirtualFilterChain.doFilter(CompositeFilter.java:113)
	at org.springframework.web.filter.CompositeFilter.doFilter(CompositeFilter.java:74)
	at org.springframework.security.config.annotation.web.configuration.WebSecurityConfiguration$CompositeFilterChainProxy.doFilter(WebSecurityConfiguration.java:319)
	at org.springframework.web.filter.CompositeFilter$VirtualFilterChain.doFilter(CompositeFilter.java:113)
	at org.springframework.web.servlet.handler.HandlerMappingIntrospector.lambda$createCacheFilter$4(HandlerMappingIntrospector.java:267)
	at org.springframework.web.filter.CompositeFilter$VirtualFilterChain.doFilter(CompositeFilter.java:113)
	at org.springframework.web.filter.CompositeFilter.doFilter(CompositeFilter.java:74)
	at org.springframework.security.config.annotation.web.configuration.WebMvcSecurityConfiguration$CompositeFilterChainProxy.doFilter(WebMvcSecurityConfiguration.java:240)
	at org.springframework.web.filter.DelegatingFilterProxy.invokeDelegate(DelegatingFilterProxy.java:362)
	at org.springframework.web.filter.DelegatingFilterProxy.doFilter(DelegatingFilterProxy.java:278)
	at org.apache.catalina.core.ApplicationFilterChain.internalDoFilter(ApplicationFilterChain.java:164)
	at org.apache.catalina.core.ApplicationFilterChain.doFilter(ApplicationFilterChain.java:140)
	at org.springframework.web.filter.RequestContextFilter.doFilterInternal(RequestContextFilter.java:100)
	at org.springframework.web.filter.OncePerRequestFilter.doFilter(OncePerRequestFilter.java:116)
	at org.apache.catalina.core.ApplicationFilterChain.internalDoFilter(ApplicationFilterChain.java:164)
	at org.apache.catalina.core.ApplicationFilterChain.doFilter(ApplicationFilterChain.java:140)
	at org.springframework.web.filter.FormContentFilter.doFilterInternal(FormContentFilter.java:93)
	at org.springframework.web.filter.OncePerRequestFilter.doFilter(OncePerRequestFilter.java:116)
	at org.apache.catalina.core.ApplicationFilterChain.internalDoFilter(ApplicationFilterChain.java:164)
	at org.apache.catalina.core.ApplicationFilterChain.doFilter(ApplicationFilterChain.java:140)
	at org.springframework.web.filter.CharacterEncodingFilter.doFilterInternal(CharacterEncodingFilter.java:201)
	at org.springframework.web.filter.OncePerRequestFilter.doFilter(OncePerRequestFilter.java:116)
	at org.apache.catalina.core.ApplicationFilterChain.internalDoFilter(ApplicationFilterChain.java:164)
	at org.apache.catalina.core.ApplicationFilterChain.doFilter(ApplicationFilterChain.java:140)
	at org.apache.catalina.core.StandardWrapperValve.invoke(StandardWrapperValve.java:167)
	at org.apache.catalina.core.StandardContextValve.invoke(StandardContextValve.java:90)
	at org.apache.catalina.authenticator.AuthenticatorBase.invoke(AuthenticatorBase.java:483)
	at org.apache.catalina.core.StandardHostValve.invoke(StandardHostValve.java:116)
	at org.apache.catalina.valves.ErrorReportValve.invoke(ErrorReportValve.java:93)
	at org.apache.catalina.core.StandardEngineValve.invoke(StandardEngineValve.java:74)
	at org.apache.catalina.connector.CoyoteAdapter.service(CoyoteAdapter.java:344)
	at org.apache.coyote.http11.Http11Processor.service(Http11Processor.java:398)
	at org.apache.coyote.AbstractProcessorLight.process(AbstractProcessorLight.java:63)
	at org.apache.coyote.AbstractProtocol$ConnectionHandler.process(AbstractProtocol.java:903)
	at org.apache.tomcat.util.net.NioEndpoint$SocketProcessor.doRun(NioEndpoint.java:1769)
	at org.apache.tomcat.util.net.SocketProcessorBase.run(SocketProcessorBase.java:52)
	at org.apache.tomcat.util.threads.ThreadPoolExecutor.runWorker(ThreadPoolExecutor.java:1189)
	at org.apache.tomcat.util.threads.ThreadPoolExecutor$Worker.run(ThreadPoolExecutor.java:658)
	at org.apache.tomcat.util.threads.TaskThread$WrappingRunnable.run(TaskThread.java:63)
	at java.base/java.lang.Thread.run(Thread.java:833)
|  WARN   |    2025-07-25 10:36:58   |   [http-nio-8080-exec-7]   c.v.a.s.JwtAuthenticationEntryPoint  :  Unauthorized access attempt: Full authentication is required to access this resource
|  ERROR  |    2025-07-25 10:36:58   |   [http-nio-8080-exec-5]   o.a.c.c.C.[.[.[.[dispatcherServlet]  :  Servlet.service() for servlet [dispatcherServlet] in context with path [] threw exception
org.springframework.security.core.userdetails.UsernameNotFoundException: User not found with email: admin@gmail.com
	at com.vss.app.service.DeliverypartnerDetailsService.lambda$loadUserByUsername$0(DeliverypartnerDetailsService.java:30)
	at java.base/java.util.Optional.orElseThrow(Optional.java:403)
	at com.vss.app.service.DeliverypartnerDetailsService.loadUserByUsername(DeliverypartnerDetailsService.java:30)
	at com.vss.app.security.JwtAuthenticationFilter.doFilterInternal(JwtAuthenticationFilter.java:64)
	at org.springframework.web.filter.OncePerRequestFilter.doFilter(OncePerRequestFilter.java:116)
	at org.springframework.security.web.FilterChainProxy$VirtualFilterChain.doFilter(FilterChainProxy.java:374)
	at org.springframework.security.web.authentication.logout.LogoutFilter.doFilter(LogoutFilter.java:107)
	at org.springframework.security.web.authentication.logout.LogoutFilter.doFilter(LogoutFilter.java:93)
	at org.springframework.security.web.FilterChainProxy$VirtualFilterChain.doFilter(FilterChainProxy.java:374)
	at org.springframework.web.filter.CorsFilter.doFilterInternal(CorsFilter.java:91)
	at org.springframework.web.filter.OncePerRequestFilter.doFilter(OncePerRequestFilter.java:116)
	at org.springframework.security.web.FilterChainProxy$VirtualFilterChain.doFilter(FilterChainProxy.java:374)
	at org.springframework.security.web.header.HeaderWriterFilter.doHeadersAfter(HeaderWriterFilter.java:90)
	at org.springframework.security.web.header.HeaderWriterFilter.doFilterInternal(HeaderWriterFilter.java:75)
	at org.springframework.web.filter.OncePerRequestFilter.doFilter(OncePerRequestFilter.java:116)
	at org.springframework.security.web.FilterChainProxy$VirtualFilterChain.doFilter(FilterChainProxy.java:374)
	at org.springframework.security.web.context.SecurityContextHolderFilter.doFilter(SecurityContextHolderFilter.java:82)
	at org.springframework.security.web.context.SecurityContextHolderFilter.doFilter(SecurityContextHolderFilter.java:69)
	at org.springframework.security.web.FilterChainProxy$VirtualFilterChain.doFilter(FilterChainProxy.java:374)
	at org.springframework.security.web.context.request.async.WebAsyncManagerIntegrationFilter.doFilterInternal(WebAsyncManagerIntegrationFilter.java:62)
	at org.springframework.web.filter.OncePerRequestFilter.doFilter(OncePerRequestFilter.java:116)
	at org.springframework.security.web.FilterChainProxy$VirtualFilterChain.doFilter(FilterChainProxy.java:374)
	at org.springframework.security.web.session.DisableEncodeUrlFilter.doFilterInternal(DisableEncodeUrlFilter.java:42)
	at org.springframework.web.filter.OncePerRequestFilter.doFilter(OncePerRequestFilter.java:116)
	at org.springframework.security.web.FilterChainProxy$VirtualFilterChain.doFilter(FilterChainProxy.java:374)
	at org.springframework.security.web.FilterChainProxy.doFilterInternal(FilterChainProxy.java:233)
	at org.springframework.security.web.FilterChainProxy.doFilter(FilterChainProxy.java:191)
	at org.springframework.web.filter.CompositeFilter$VirtualFilterChain.doFilter(CompositeFilter.java:113)
	at org.springframework.web.filter.ServletRequestPathFilter.doFilter(ServletRequestPathFilter.java:52)
	at org.springframework.web.filter.CompositeFilter$VirtualFilterChain.doFilter(CompositeFilter.java:113)
	at org.springframework.web.filter.CompositeFilter.doFilter(CompositeFilter.java:74)
	at org.springframework.security.config.annotation.web.configuration.WebSecurityConfiguration$CompositeFilterChainProxy.doFilter(WebSecurityConfiguration.java:319)
	at org.springframework.web.filter.CompositeFilter$VirtualFilterChain.doFilter(CompositeFilter.java:113)
	at org.springframework.web.servlet.handler.HandlerMappingIntrospector.lambda$createCacheFilter$4(HandlerMappingIntrospector.java:267)
	at org.springframework.web.filter.CompositeFilter$VirtualFilterChain.doFilter(CompositeFilter.java:113)
	at org.springframework.web.filter.CompositeFilter.doFilter(CompositeFilter.java:74)
	at org.springframework.security.config.annotation.web.configuration.WebMvcSecurityConfiguration$CompositeFilterChainProxy.doFilter(WebMvcSecurityConfiguration.java:240)
	at org.springframework.web.filter.DelegatingFilterProxy.invokeDelegate(DelegatingFilterProxy.java:362)
	at org.springframework.web.filter.DelegatingFilterProxy.doFilter(DelegatingFilterProxy.java:278)
	at org.apache.catalina.core.ApplicationFilterChain.internalDoFilter(ApplicationFilterChain.java:164)
	at org.apache.catalina.core.ApplicationFilterChain.doFilter(ApplicationFilterChain.java:140)
	at org.springframework.web.filter.RequestContextFilter.doFilterInternal(RequestContextFilter.java:100)
	at org.springframework.web.filter.OncePerRequestFilter.doFilter(OncePerRequestFilter.java:116)
	at org.apache.catalina.core.ApplicationFilterChain.internalDoFilter(ApplicationFilterChain.java:164)
	at org.apache.catalina.core.ApplicationFilterChain.doFilter(ApplicationFilterChain.java:140)
	at org.springframework.web.filter.FormContentFilter.doFilterInternal(FormContentFilter.java:93)
	at org.springframework.web.filter.OncePerRequestFilter.doFilter(OncePerRequestFilter.java:116)
	at org.apache.catalina.core.ApplicationFilterChain.internalDoFilter(ApplicationFilterChain.java:164)
	at org.apache.catalina.core.ApplicationFilterChain.doFilter(ApplicationFilterChain.java:140)
	at org.springframework.web.filter.CharacterEncodingFilter.doFilterInternal(CharacterEncodingFilter.java:201)
	at org.springframework.web.filter.OncePerRequestFilter.doFilter(OncePerRequestFilter.java:116)
	at org.apache.catalina.core.ApplicationFilterChain.internalDoFilter(ApplicationFilterChain.java:164)
	at org.apache.catalina.core.ApplicationFilterChain.doFilter(ApplicationFilterChain.java:140)
	at org.apache.catalina.core.StandardWrapperValve.invoke(StandardWrapperValve.java:167)
	at org.apache.catalina.core.StandardContextValve.invoke(StandardContextValve.java:90)
	at org.apache.catalina.authenticator.AuthenticatorBase.invoke(AuthenticatorBase.java:483)
	at org.apache.catalina.core.StandardHostValve.invoke(StandardHostValve.java:116)
	at org.apache.catalina.valves.ErrorReportValve.invoke(ErrorReportValve.java:93)
	at org.apache.catalina.core.StandardEngineValve.invoke(StandardEngineValve.java:74)
	at org.apache.catalina.connector.CoyoteAdapter.service(CoyoteAdapter.java:344)
	at org.apache.coyote.http11.Http11Processor.service(Http11Processor.java:398)
	at org.apache.coyote.AbstractProcessorLight.process(AbstractProcessorLight.java:63)
	at org.apache.coyote.AbstractProtocol$ConnectionHandler.process(AbstractProtocol.java:903)
	at org.apache.tomcat.util.net.NioEndpoint$SocketProcessor.doRun(NioEndpoint.java:1769)
	at org.apache.tomcat.util.net.SocketProcessorBase.run(SocketProcessorBase.java:52)
	at org.apache.tomcat.util.threads.ThreadPoolExecutor.runWorker(ThreadPoolExecutor.java:1189)
	at org.apache.tomcat.util.threads.ThreadPoolExecutor$Worker.run(ThreadPoolExecutor.java:658)
	at org.apache.tomcat.util.threads.TaskThread$WrappingRunnable.run(TaskThread.java:63)
	at java.base/java.lang.Thread.run(Thread.java:833)
|  WARN   |    2025-07-25 10:36:58   |   [http-nio-8080-exec-5]   c.v.a.s.JwtAuthenticationEntryPoint  :  Unauthorized access attempt: Full authentication is required to access this resource
|  INFO   |    2025-07-25 10:37:15   |   [http-nio-8080-exec-9]   c.v.a.s.JwtAuthenticationFilter  :  Authorization Header: Bearer eyJhbGciOiJIUzUxMiJ9.eyJzdWIiOiJhZG1pbkBnbWFpbC5jb20iLCJpYXQiOjE3NTM0MTc5MzcsImV4cCI6MTc1MzQzNTkzN30.2FSVk46R_3TnkmdWwOhH-TjneH6GAjsUqUGz35pJFZ_Y6B7nrT2guk6mRu6pl5EHxvQ9kC24W3ROeuZmjdJwjQ
|  INFO   |    2025-07-25 10:37:15   |   [http-nio-8080-exec-10]   c.v.a.s.JwtAuthenticationFilter  :  Authorization Header: Bearer eyJhbGciOiJIUzUxMiJ9.eyJzdWIiOiJhZG1pbkBnbWFpbC5jb20iLCJpYXQiOjE3NTM0MTc5MzcsImV4cCI6MTc1MzQzNTkzN30.2FSVk46R_3TnkmdWwOhH-TjneH6GAjsUqUGz35pJFZ_Y6B7nrT2guk6mRu6pl5EHxvQ9kC24W3ROeuZmjdJwjQ
|  ERROR  |    2025-07-25 10:37:15   |   [http-nio-8080-exec-9]   o.a.c.c.C.[.[.[.[dispatcherServlet]  :  Servlet.service() for servlet [dispatcherServlet] in context with path [] threw exception
org.springframework.security.core.userdetails.UsernameNotFoundException: User not found with email: admin@gmail.com
	at com.vss.app.service.DeliverypartnerDetailsService.lambda$loadUserByUsername$0(DeliverypartnerDetailsService.java:30)
	at java.base/java.util.Optional.orElseThrow(Optional.java:403)
	at com.vss.app.service.DeliverypartnerDetailsService.loadUserByUsername(DeliverypartnerDetailsService.java:30)
	at com.vss.app.security.JwtAuthenticationFilter.doFilterInternal(JwtAuthenticationFilter.java:64)
	at org.springframework.web.filter.OncePerRequestFilter.doFilter(OncePerRequestFilter.java:116)
	at org.springframework.security.web.FilterChainProxy$VirtualFilterChain.doFilter(FilterChainProxy.java:374)
	at org.springframework.security.web.authentication.logout.LogoutFilter.doFilter(LogoutFilter.java:107)
	at org.springframework.security.web.authentication.logout.LogoutFilter.doFilter(LogoutFilter.java:93)
	at org.springframework.security.web.FilterChainProxy$VirtualFilterChain.doFilter(FilterChainProxy.java:374)
	at org.springframework.web.filter.CorsFilter.doFilterInternal(CorsFilter.java:91)
	at org.springframework.web.filter.OncePerRequestFilter.doFilter(OncePerRequestFilter.java:116)
	at org.springframework.security.web.FilterChainProxy$VirtualFilterChain.doFilter(FilterChainProxy.java:374)
	at org.springframework.security.web.header.HeaderWriterFilter.doHeadersAfter(HeaderWriterFilter.java:90)
	at org.springframework.security.web.header.HeaderWriterFilter.doFilterInternal(HeaderWriterFilter.java:75)
	at org.springframework.web.filter.OncePerRequestFilter.doFilter(OncePerRequestFilter.java:116)
	at org.springframework.security.web.FilterChainProxy$VirtualFilterChain.doFilter(FilterChainProxy.java:374)
	at org.springframework.security.web.context.SecurityContextHolderFilter.doFilter(SecurityContextHolderFilter.java:82)
	at org.springframework.security.web.context.SecurityContextHolderFilter.doFilter(SecurityContextHolderFilter.java:69)
	at org.springframework.security.web.FilterChainProxy$VirtualFilterChain.doFilter(FilterChainProxy.java:374)
	at org.springframework.security.web.context.request.async.WebAsyncManagerIntegrationFilter.doFilterInternal(WebAsyncManagerIntegrationFilter.java:62)
	at org.springframework.web.filter.OncePerRequestFilter.doFilter(OncePerRequestFilter.java:116)
	at org.springframework.security.web.FilterChainProxy$VirtualFilterChain.doFilter(FilterChainProxy.java:374)
	at org.springframework.security.web.session.DisableEncodeUrlFilter.doFilterInternal(DisableEncodeUrlFilter.java:42)
	at org.springframework.web.filter.OncePerRequestFilter.doFilter(OncePerRequestFilter.java:116)
	at org.springframework.security.web.FilterChainProxy$VirtualFilterChain.doFilter(FilterChainProxy.java:374)
	at org.springframework.security.web.FilterChainProxy.doFilterInternal(FilterChainProxy.java:233)
	at org.springframework.security.web.FilterChainProxy.doFilter(FilterChainProxy.java:191)
	at org.springframework.web.filter.CompositeFilter$VirtualFilterChain.doFilter(CompositeFilter.java:113)
	at org.springframework.web.filter.ServletRequestPathFilter.doFilter(ServletRequestPathFilter.java:52)
	at org.springframework.web.filter.CompositeFilter$VirtualFilterChain.doFilter(CompositeFilter.java:113)
	at org.springframework.web.filter.CompositeFilter.doFilter(CompositeFilter.java:74)
	at org.springframework.security.config.annotation.web.configuration.WebSecurityConfiguration$CompositeFilterChainProxy.doFilter(WebSecurityConfiguration.java:319)
	at org.springframework.web.filter.CompositeFilter$VirtualFilterChain.doFilter(CompositeFilter.java:113)
	at org.springframework.web.servlet.handler.HandlerMappingIntrospector.lambda$createCacheFilter$4(HandlerMappingIntrospector.java:267)
	at org.springframework.web.filter.CompositeFilter$VirtualFilterChain.doFilter(CompositeFilter.java:113)
	at org.springframework.web.filter.CompositeFilter.doFilter(CompositeFilter.java:74)
	at org.springframework.security.config.annotation.web.configuration.WebMvcSecurityConfiguration$CompositeFilterChainProxy.doFilter(WebMvcSecurityConfiguration.java:240)
	at org.springframework.web.filter.DelegatingFilterProxy.invokeDelegate(DelegatingFilterProxy.java:362)
	at org.springframework.web.filter.DelegatingFilterProxy.doFilter(DelegatingFilterProxy.java:278)
	at org.apache.catalina.core.ApplicationFilterChain.internalDoFilter(ApplicationFilterChain.java:164)
	at org.apache.catalina.core.ApplicationFilterChain.doFilter(ApplicationFilterChain.java:140)
	at org.springframework.web.filter.RequestContextFilter.doFilterInternal(RequestContextFilter.java:100)
	at org.springframework.web.filter.OncePerRequestFilter.doFilter(OncePerRequestFilter.java:116)
	at org.apache.catalina.core.ApplicationFilterChain.internalDoFilter(ApplicationFilterChain.java:164)
	at org.apache.catalina.core.ApplicationFilterChain.doFilter(ApplicationFilterChain.java:140)
	at org.springframework.web.filter.FormContentFilter.doFilterInternal(FormContentFilter.java:93)
	at org.springframework.web.filter.OncePerRequestFilter.doFilter(OncePerRequestFilter.java:116)
	at org.apache.catalina.core.ApplicationFilterChain.internalDoFilter(ApplicationFilterChain.java:164)
	at org.apache.catalina.core.ApplicationFilterChain.doFilter(ApplicationFilterChain.java:140)
	at org.springframework.web.filter.CharacterEncodingFilter.doFilterInternal(CharacterEncodingFilter.java:201)
	at org.springframework.web.filter.OncePerRequestFilter.doFilter(OncePerRequestFilter.java:116)
	at org.apache.catalina.core.ApplicationFilterChain.internalDoFilter(ApplicationFilterChain.java:164)
	at org.apache.catalina.core.ApplicationFilterChain.doFilter(ApplicationFilterChain.java:140)
	at org.apache.catalina.core.StandardWrapperValve.invoke(StandardWrapperValve.java:167)
	at org.apache.catalina.core.StandardContextValve.invoke(StandardContextValve.java:90)
	at org.apache.catalina.authenticator.AuthenticatorBase.invoke(AuthenticatorBase.java:483)
	at org.apache.catalina.core.StandardHostValve.invoke(StandardHostValve.java:116)
	at org.apache.catalina.valves.ErrorReportValve.invoke(ErrorReportValve.java:93)
	at org.apache.catalina.core.StandardEngineValve.invoke(StandardEngineValve.java:74)
	at org.apache.catalina.connector.CoyoteAdapter.service(CoyoteAdapter.java:344)
	at org.apache.coyote.http11.Http11Processor.service(Http11Processor.java:398)
	at org.apache.coyote.AbstractProcessorLight.process(AbstractProcessorLight.java:63)
	at org.apache.coyote.AbstractProtocol$ConnectionHandler.process(AbstractProtocol.java:903)
	at org.apache.tomcat.util.net.NioEndpoint$SocketProcessor.doRun(NioEndpoint.java:1769)
	at org.apache.tomcat.util.net.SocketProcessorBase.run(SocketProcessorBase.java:52)
	at org.apache.tomcat.util.threads.ThreadPoolExecutor.runWorker(ThreadPoolExecutor.java:1189)
	at org.apache.tomcat.util.threads.ThreadPoolExecutor$Worker.run(ThreadPoolExecutor.java:658)
	at org.apache.tomcat.util.threads.TaskThread$WrappingRunnable.run(TaskThread.java:63)
	at java.base/java.lang.Thread.run(Thread.java:833)
|  WARN   |    2025-07-25 10:37:15   |   [http-nio-8080-exec-9]   c.v.a.s.JwtAuthenticationEntryPoint  :  Unauthorized access attempt: Full authentication is required to access this resource
|  ERROR  |    2025-07-25 10:37:15   |   [http-nio-8080-exec-10]   o.a.c.c.C.[.[.[.[dispatcherServlet]  :  Servlet.service() for servlet [dispatcherServlet] in context with path [] threw exception
org.springframework.security.core.userdetails.UsernameNotFoundException: User not found with email: admin@gmail.com
	at com.vss.app.service.DeliverypartnerDetailsService.lambda$loadUserByUsername$0(DeliverypartnerDetailsService.java:30)
	at java.base/java.util.Optional.orElseThrow(Optional.java:403)
	at com.vss.app.service.DeliverypartnerDetailsService.loadUserByUsername(DeliverypartnerDetailsService.java:30)
	at com.vss.app.security.JwtAuthenticationFilter.doFilterInternal(JwtAuthenticationFilter.java:64)
	at org.springframework.web.filter.OncePerRequestFilter.doFilter(OncePerRequestFilter.java:116)
	at org.springframework.security.web.FilterChainProxy$VirtualFilterChain.doFilter(FilterChainProxy.java:374)
	at org.springframework.security.web.authentication.logout.LogoutFilter.doFilter(LogoutFilter.java:107)
	at org.springframework.security.web.authentication.logout.LogoutFilter.doFilter(LogoutFilter.java:93)
	at org.springframework.security.web.FilterChainProxy$VirtualFilterChain.doFilter(FilterChainProxy.java:374)
	at org.springframework.web.filter.CorsFilter.doFilterInternal(CorsFilter.java:91)
	at org.springframework.web.filter.OncePerRequestFilter.doFilter(OncePerRequestFilter.java:116)
	at org.springframework.security.web.FilterChainProxy$VirtualFilterChain.doFilter(FilterChainProxy.java:374)
	at org.springframework.security.web.header.HeaderWriterFilter.doHeadersAfter(HeaderWriterFilter.java:90)
	at org.springframework.security.web.header.HeaderWriterFilter.doFilterInternal(HeaderWriterFilter.java:75)
	at org.springframework.web.filter.OncePerRequestFilter.doFilter(OncePerRequestFilter.java:116)
	at org.springframework.security.web.FilterChainProxy$VirtualFilterChain.doFilter(FilterChainProxy.java:374)
	at org.springframework.security.web.context.SecurityContextHolderFilter.doFilter(SecurityContextHolderFilter.java:82)
	at org.springframework.security.web.context.SecurityContextHolderFilter.doFilter(SecurityContextHolderFilter.java:69)
	at org.springframework.security.web.FilterChainProxy$VirtualFilterChain.doFilter(FilterChainProxy.java:374)
	at org.springframework.security.web.context.request.async.WebAsyncManagerIntegrationFilter.doFilterInternal(WebAsyncManagerIntegrationFilter.java:62)
	at org.springframework.web.filter.OncePerRequestFilter.doFilter(OncePerRequestFilter.java:116)
	at org.springframework.security.web.FilterChainProxy$VirtualFilterChain.doFilter(FilterChainProxy.java:374)
	at org.springframework.security.web.session.DisableEncodeUrlFilter.doFilterInternal(DisableEncodeUrlFilter.java:42)
	at org.springframework.web.filter.OncePerRequestFilter.doFilter(OncePerRequestFilter.java:116)
	at org.springframework.security.web.FilterChainProxy$VirtualFilterChain.doFilter(FilterChainProxy.java:374)
	at org.springframework.security.web.FilterChainProxy.doFilterInternal(FilterChainProxy.java:233)
	at org.springframework.security.web.FilterChainProxy.doFilter(FilterChainProxy.java:191)
	at org.springframework.web.filter.CompositeFilter$VirtualFilterChain.doFilter(CompositeFilter.java:113)
	at org.springframework.web.filter.ServletRequestPathFilter.doFilter(ServletRequestPathFilter.java:52)
	at org.springframework.web.filter.CompositeFilter$VirtualFilterChain.doFilter(CompositeFilter.java:113)
	at org.springframework.web.filter.CompositeFilter.doFilter(CompositeFilter.java:74)
	at org.springframework.security.config.annotation.web.configuration.WebSecurityConfiguration$CompositeFilterChainProxy.doFilter(WebSecurityConfiguration.java:319)
	at org.springframework.web.filter.CompositeFilter$VirtualFilterChain.doFilter(CompositeFilter.java:113)
	at org.springframework.web.servlet.handler.HandlerMappingIntrospector.lambda$createCacheFilter$4(HandlerMappingIntrospector.java:267)
	at org.springframework.web.filter.CompositeFilter$VirtualFilterChain.doFilter(CompositeFilter.java:113)
	at org.springframework.web.filter.CompositeFilter.doFilter(CompositeFilter.java:74)
	at org.springframework.security.config.annotation.web.configuration.WebMvcSecurityConfiguration$CompositeFilterChainProxy.doFilter(WebMvcSecurityConfiguration.java:240)
	at org.springframework.web.filter.DelegatingFilterProxy.invokeDelegate(DelegatingFilterProxy.java:362)
	at org.springframework.web.filter.DelegatingFilterProxy.doFilter(DelegatingFilterProxy.java:278)
	at org.apache.catalina.core.ApplicationFilterChain.internalDoFilter(ApplicationFilterChain.java:164)
	at org.apache.catalina.core.ApplicationFilterChain.doFilter(ApplicationFilterChain.java:140)
	at org.springframework.web.filter.RequestContextFilter.doFilterInternal(RequestContextFilter.java:100)
	at org.springframework.web.filter.OncePerRequestFilter.doFilter(OncePerRequestFilter.java:116)
	at org.apache.catalina.core.ApplicationFilterChain.internalDoFilter(ApplicationFilterChain.java:164)
	at org.apache.catalina.core.ApplicationFilterChain.doFilter(ApplicationFilterChain.java:140)
	at org.springframework.web.filter.FormContentFilter.doFilterInternal(FormContentFilter.java:93)
	at org.springframework.web.filter.OncePerRequestFilter.doFilter(OncePerRequestFilter.java:116)
	at org.apache.catalina.core.ApplicationFilterChain.internalDoFilter(ApplicationFilterChain.java:164)
	at org.apache.catalina.core.ApplicationFilterChain.doFilter(ApplicationFilterChain.java:140)
	at org.springframework.web.filter.CharacterEncodingFilter.doFilterInternal(CharacterEncodingFilter.java:201)
	at org.springframework.web.filter.OncePerRequestFilter.doFilter(OncePerRequestFilter.java:116)
	at org.apache.catalina.core.ApplicationFilterChain.internalDoFilter(ApplicationFilterChain.java:164)
	at org.apache.catalina.core.ApplicationFilterChain.doFilter(ApplicationFilterChain.java:140)
	at org.apache.catalina.core.StandardWrapperValve.invoke(StandardWrapperValve.java:167)
	at org.apache.catalina.core.StandardContextValve.invoke(StandardContextValve.java:90)
	at org.apache.catalina.authenticator.AuthenticatorBase.invoke(AuthenticatorBase.java:483)
	at org.apache.catalina.core.StandardHostValve.invoke(StandardHostValve.java:116)
	at org.apache.catalina.valves.ErrorReportValve.invoke(ErrorReportValve.java:93)
	at org.apache.catalina.core.StandardEngineValve.invoke(StandardEngineValve.java:74)
	at org.apache.catalina.connector.CoyoteAdapter.service(CoyoteAdapter.java:344)
	at org.apache.coyote.http11.Http11Processor.service(Http11Processor.java:398)
	at org.apache.coyote.AbstractProcessorLight.process(AbstractProcessorLight.java:63)
	at org.apache.coyote.AbstractProtocol$ConnectionHandler.process(AbstractProtocol.java:903)
	at org.apache.tomcat.util.net.NioEndpoint$SocketProcessor.doRun(NioEndpoint.java:1769)
	at org.apache.tomcat.util.net.SocketProcessorBase.run(SocketProcessorBase.java:52)
	at org.apache.tomcat.util.threads.ThreadPoolExecutor.runWorker(ThreadPoolExecutor.java:1189)
	at org.apache.tomcat.util.threads.ThreadPoolExecutor$Worker.run(ThreadPoolExecutor.java:658)
	at org.apache.tomcat.util.threads.TaskThread$WrappingRunnable.run(TaskThread.java:63)
	at java.base/java.lang.Thread.run(Thread.java:833)
|  WARN   |    2025-07-25 10:37:15   |   [http-nio-8080-exec-10]   c.v.a.s.JwtAuthenticationEntryPoint  :  Unauthorized access attempt: Full authentication is required to access this resource
|  INFO   |    2025-07-25 10:37:46   |   [http-nio-8080-exec-2]   c.v.a.s.JwtAuthenticationFilter  :  Authorization Header: null
|  INFO   |    2025-07-25 10:37:46   |   [http-nio-8080-exec-2]   c.v.a.s.JwtAuthenticationFilter  :  Invalid Authorization header value or header missing
|  INFO   |    2025-07-25 10:37:46   |   [http-nio-8080-exec-2]   c.v.a.c.DeliveryPartnerController  :  Login attempt for email: abhipatil@gmail.com
|  INFO   |    2025-07-25 10:37:46   |   [http-nio-8080-exec-2]   c.v.a.s.DeliverypartnerDetailsService  :  Loading user by email: abhipatil@gmail.com
|  WARN   |    2025-07-25 10:37:46   |   [http-nio-8080-exec-2]   o.s.s.c.bcrypt.BCryptPasswordEncoder  :  Encoded password does not look like BCrypt
|  WARN   |    2025-07-25 10:37:46   |   [http-nio-8080-exec-2]   c.v.a.service.DeliveryPartnerService  :  Authentication failed for email: abhipatil@gmail.com
|  WARN   |    2025-07-25 10:37:46   |   [http-nio-8080-exec-2]   c.v.a.c.DeliveryPartnerController  :  Login failed - Invalid credentials for email: abhipatil@gmail.com
|  INFO   |    2025-07-25 10:37:53   |   [http-nio-8080-exec-4]   c.v.a.s.JwtAuthenticationFilter  :  Authorization Header: null
|  INFO   |    2025-07-25 10:37:53   |   [http-nio-8080-exec-4]   c.v.a.s.JwtAuthenticationFilter  :  Invalid Authorization header value or header missing
|  INFO   |    2025-07-25 10:37:53   |   [http-nio-8080-exec-4]   c.v.a.c.DeliveryPartnerController  :  Login attempt for email: abhipatil@gmail.com
|  INFO   |    2025-07-25 10:37:53   |   [http-nio-8080-exec-4]   c.v.a.s.DeliverypartnerDetailsService  :  Loading user by email: abhipatil@gmail.com
|  WARN   |    2025-07-25 10:37:53   |   [http-nio-8080-exec-4]   o.s.s.c.bcrypt.BCryptPasswordEncoder  :  Encoded password does not look like BCrypt
|  WARN   |    2025-07-25 10:37:53   |   [http-nio-8080-exec-4]   c.v.a.service.DeliveryPartnerService  :  Authentication failed for email: abhipatil@gmail.com
|  WARN   |    2025-07-25 10:37:53   |   [http-nio-8080-exec-4]   c.v.a.c.DeliveryPartnerController  :  Login failed - Invalid credentials for email: abhipatil@gmail.com
|  INFO   |    2025-07-25 10:38:03   |   [http-nio-8080-exec-5]   c.v.a.s.JwtAuthenticationFilter  :  Authorization Header: null
|  INFO   |    2025-07-25 10:38:03   |   [http-nio-8080-exec-5]   c.v.a.s.JwtAuthenticationFilter  :  Invalid Authorization header value or header missing
|  INFO   |    2025-07-25 10:38:03   |   [http-nio-8080-exec-5]   c.v.a.c.DeliveryPartnerController  :  Login attempt for email: abhipatil@gmail.com
|  INFO   |    2025-07-25 10:38:03   |   [http-nio-8080-exec-5]   c.v.a.s.DeliverypartnerDetailsService  :  Loading user by email: abhipatil@gmail.com
|  WARN   |    2025-07-25 10:38:03   |   [http-nio-8080-exec-5]   o.s.s.c.bcrypt.BCryptPasswordEncoder  :  Encoded password does not look like BCrypt
|  WARN   |    2025-07-25 10:38:03   |   [http-nio-8080-exec-5]   c.v.a.service.DeliveryPartnerService  :  Authentication failed for email: abhipatil@gmail.com
|  WARN   |    2025-07-25 10:38:03   |   [http-nio-8080-exec-5]   c.v.a.c.DeliveryPartnerController  :  Login failed - Invalid credentials for email: abhipatil@gmail.com
|  INFO   |    2025-07-25 10:38:57   |   [http-nio-8080-exec-9]   c.v.a.s.JwtAuthenticationFilter  :  Authorization Header: null
|  INFO   |    2025-07-25 10:38:57   |   [http-nio-8080-exec-9]   c.v.a.s.JwtAuthenticationFilter  :  Invalid Authorization header value or header missing
|  INFO   |    2025-07-25 10:38:57   |   [http-nio-8080-exec-9]   c.v.a.c.DeliveryPartnerController  :  Login attempt for email: abhipatil@gmail.com
|  INFO   |    2025-07-25 10:38:57   |   [http-nio-8080-exec-9]   c.v.a.s.DeliverypartnerDetailsService  :  Loading user by email: abhipatil@gmail.com
|  WARN   |    2025-07-25 10:38:57   |   [http-nio-8080-exec-9]   o.s.s.c.bcrypt.BCryptPasswordEncoder  :  Encoded password does not look like BCrypt
|  WARN   |    2025-07-25 10:38:57   |   [http-nio-8080-exec-9]   c.v.a.service.DeliveryPartnerService  :  Authentication failed for email: abhipatil@gmail.com
|  WARN   |    2025-07-25 10:38:57   |   [http-nio-8080-exec-9]   c.v.a.c.DeliveryPartnerController  :  Login failed - Invalid credentials for email: abhipatil@gmail.com
|  INFO   |    2025-07-25 10:39:11   |   [http-nio-8080-exec-1]   c.v.a.s.JwtAuthenticationFilter  :  Authorization Header: null
|  INFO   |    2025-07-25 10:39:11   |   [http-nio-8080-exec-1]   c.v.a.s.JwtAuthenticationFilter  :  Invalid Authorization header value or header missing
|  INFO   |    2025-07-25 10:39:11   |   [http-nio-8080-exec-1]   c.v.a.c.DeliveryPartnerController  :  Login attempt for email: ashudandge@gmail.com
|  INFO   |    2025-07-25 10:39:11   |   [http-nio-8080-exec-1]   c.v.a.s.DeliverypartnerDetailsService  :  Loading user by email: ashudandge@gmail.com
|  WARN   |    2025-07-25 10:39:11   |   [http-nio-8080-exec-1]   o.s.s.c.bcrypt.BCryptPasswordEncoder  :  Encoded password does not look like BCrypt
|  WARN   |    2025-07-25 10:39:11   |   [http-nio-8080-exec-1]   c.v.a.service.DeliveryPartnerService  :  Authentication failed for email: ashudandge@gmail.com
|  WARN   |    2025-07-25 10:39:11   |   [http-nio-8080-exec-1]   c.v.a.c.DeliveryPartnerController  :  Login failed - Invalid credentials for email: ashudandge@gmail.com
|  INFO   |    2025-07-25 10:39:18   |   [http-nio-8080-exec-3]   c.v.a.s.JwtAuthenticationFilter  :  Authorization Header: null
|  INFO   |    2025-07-25 10:39:18   |   [http-nio-8080-exec-3]   c.v.a.s.JwtAuthenticationFilter  :  Invalid Authorization header value or header missing
|  INFO   |    2025-07-25 10:39:18   |   [http-nio-8080-exec-3]   c.v.a.c.DeliveryPartnerController  :  Login attempt for email: ashudandge@gmail.com
|  INFO   |    2025-07-25 10:39:18   |   [http-nio-8080-exec-3]   c.v.a.s.DeliverypartnerDetailsService  :  Loading user by email: ashudandge@gmail.com
|  WARN   |    2025-07-25 10:39:18   |   [http-nio-8080-exec-3]   o.s.s.c.bcrypt.BCryptPasswordEncoder  :  Encoded password does not look like BCrypt
|  WARN   |    2025-07-25 10:39:18   |   [http-nio-8080-exec-3]   c.v.a.service.DeliveryPartnerService  :  Authentication failed for email: ashudandge@gmail.com
|  WARN   |    2025-07-25 10:39:18   |   [http-nio-8080-exec-3]   c.v.a.c.DeliveryPartnerController  :  Login failed - Invalid credentials for email: ashudandge@gmail.com
|  INFO   |    2025-07-25 10:39:43   |   [http-nio-8080-exec-7]   c.v.a.s.JwtAuthenticationFilter  :  Authorization Header: null
|  INFO   |    2025-07-25 10:39:43   |   [http-nio-8080-exec-7]   c.v.a.s.JwtAuthenticationFilter  :  Invalid Authorization header value or header missing
|  INFO   |    2025-07-25 10:39:43   |   [http-nio-8080-exec-7]   c.v.a.c.DeliveryPartnerController  :  Login attempt for email: ashudandge@gmail.com
|  INFO   |    2025-07-25 10:39:43   |   [http-nio-8080-exec-7]   c.v.a.s.DeliverypartnerDetailsService  :  Loading user by email: ashudandge@gmail.com
|  WARN   |    2025-07-25 10:39:43   |   [http-nio-8080-exec-7]   o.s.s.c.bcrypt.BCryptPasswordEncoder  :  Encoded password does not look like BCrypt
|  WARN   |    2025-07-25 10:39:43   |   [http-nio-8080-exec-7]   c.v.a.service.DeliveryPartnerService  :  Authentication failed for email: ashudandge@gmail.com
|  WARN   |    2025-07-25 10:39:43   |   [http-nio-8080-exec-7]   c.v.a.c.DeliveryPartnerController  :  Login failed - Invalid credentials for email: ashudandge@gmail.com
|  INFO   |    2025-07-25 10:40:41   |   [http-nio-8080-exec-8]   c.v.a.s.JwtAuthenticationFilter  :  Authorization Header: null
|  INFO   |    2025-07-25 10:40:41   |   [http-nio-8080-exec-8]   c.v.a.s.JwtAuthenticationFilter  :  Invalid Authorization header value or header missing
|  INFO   |    2025-07-25 10:40:41   |   [http-nio-8080-exec-8]   c.v.a.c.DeliveryPartnerController  :  Login attempt for email: ashudandge@gmail.com
|  INFO   |    2025-07-25 10:40:41   |   [http-nio-8080-exec-8]   c.v.a.s.DeliverypartnerDetailsService  :  Loading user by email: ashudandge@gmail.com
|  INFO   |    2025-07-25 10:40:42   |   [http-nio-8080-exec-8]   c.v.a.s.DeliverypartnerDetailsService  :  Loading user by email: ashudandge@gmail.com
|  INFO   |    2025-07-25 10:40:42   |   [http-nio-8080-exec-8]   com.vss.app.security.JwtHelper  :  Generated JWT token for subject: ashudandge@gmail.com
|  INFO   |    2025-07-25 10:40:42   |   [http-nio-8080-exec-8]   c.v.a.c.DeliveryPartnerController  :  Login successful for email: ashudandge@gmail.com
|  INFO   |    2025-07-25 10:40:45   |   [http-nio-8080-exec-9]   c.v.a.s.JwtAuthenticationFilter  :  Authorization Header: Bearer eyJhbGciOiJIUzUxMiJ9.eyJzdWIiOiJhc2h1ZGFuZGdlQGdtYWlsLmNvbSIsImlhdCI6MTc1MzQyMDI0MiwiZXhwIjoxNzUzNDM4MjQyfQ.uteomf0WMZxlUMY46UnMh-Ob3xHN9LKvnx43MxUL1DcsoRRRzB0ScXVmminihn9-RQgMPEfHv1o_eqdLM8BXVQ
|  INFO   |    2025-07-25 10:40:45   |   [http-nio-8080-exec-9]   c.v.a.s.DeliverypartnerDetailsService  :  Loading user by email: ashudandge@gmail.com
|  INFO   |    2025-07-25 10:40:45   |   [http-nio-8080-exec-9]   com.vss.app.security.JwtHelper  :  Token validation result for user ashudandge@gmail.com : true
|  INFO   |    2025-07-25 10:40:45   |   [http-nio-8080-exec-9]   c.v.a.s.JwtAuthenticationFilter  :  JWT Token validated successfully, authentication set for user: ashudandge@gmail.com
|  INFO   |    2025-07-25 10:40:45   |   [http-nio-8080-exec-9]   c.vss.app.service.DeliveryBoyService  :  Fetched 0 delivery boys for partnerId 12273a38-262a-47bf-9dae-43d8374c47b4
|  INFO   |    2025-07-25 10:40:45   |   [http-nio-8080-exec-9]   c.v.a.c.DeliveryBoyController  :  Returning 0 delivery boys for partnerId 12273a38-262a-47bf-9dae-43d8374c47b4
|  INFO   |    2025-07-25 10:41:28   |   [http-nio-8080-exec-1]   c.v.a.s.JwtAuthenticationFilter  :  Authorization Header: Bearer eyJhbGciOiJIUzUxMiJ9.eyJzdWIiOiJhc2h1ZGFuZGdlQGdtYWlsLmNvbSIsImlhdCI6MTc1MzQyMDI0MiwiZXhwIjoxNzUzNDM4MjQyfQ.uteomf0WMZxlUMY46UnMh-Ob3xHN9LKvnx43MxUL1DcsoRRRzB0ScXVmminihn9-RQgMPEfHv1o_eqdLM8BXVQ
|  INFO   |    2025-07-25 10:41:28   |   [http-nio-8080-exec-1]   c.v.a.s.DeliverypartnerDetailsService  :  Loading user by email: ashudandge@gmail.com
|  INFO   |    2025-07-25 10:41:28   |   [http-nio-8080-exec-1]   com.vss.app.security.JwtHelper  :  Token validation result for user ashudandge@gmail.com : true
|  INFO   |    2025-07-25 10:41:28   |   [http-nio-8080-exec-1]   c.v.a.s.JwtAuthenticationFilter  :  JWT Token validated successfully, authentication set for user: ashudandge@gmail.com
|  INFO   |    2025-07-25 10:41:28   |   [http-nio-8080-exec-1]   c.vss.app.service.DeliveryBoyService  :  Added new DeliveryBoy with ID: 68831200f1b4ec961b2db2ef
|  INFO   |    2025-07-25 10:41:28   |   [http-nio-8080-exec-1]   c.v.a.c.DeliveryBoyController  :  Added DeliveryBoy: 68831200f1b4ec961b2db2ef for partner: 12273a38-262a-47bf-9dae-43d8374c47b4
|  INFO   |    2025-07-25 10:41:56   |   [http-nio-8080-exec-3]   c.v.a.s.JwtAuthenticationFilter  :  Authorization Header: Bearer eyJhbGciOiJIUzUxMiJ9.eyJzdWIiOiJhc2h1ZGFuZGdlQGdtYWlsLmNvbSIsImlhdCI6MTc1MzQyMDI0MiwiZXhwIjoxNzUzNDM4MjQyfQ.uteomf0WMZxlUMY46UnMh-Ob3xHN9LKvnx43MxUL1DcsoRRRzB0ScXVmminihn9-RQgMPEfHv1o_eqdLM8BXVQ
|  INFO   |    2025-07-25 10:41:56   |   [http-nio-8080-exec-3]   c.v.a.s.DeliverypartnerDetailsService  :  Loading user by email: ashudandge@gmail.com
|  INFO   |    2025-07-25 10:41:56   |   [http-nio-8080-exec-3]   com.vss.app.security.JwtHelper  :  Token validation result for user ashudandge@gmail.com : true
|  INFO   |    2025-07-25 10:41:56   |   [http-nio-8080-exec-3]   c.v.a.s.JwtAuthenticationFilter  :  JWT Token validated successfully, authentication set for user: ashudandge@gmail.com
|  INFO   |    2025-07-25 10:41:56   |   [http-nio-8080-exec-3]   c.vss.app.service.DeliveryBoyService  :  Added new DeliveryBoy with ID: 6883121cf1b4ec961b2db2f0
|  INFO   |    2025-07-25 10:41:56   |   [http-nio-8080-exec-3]   c.v.a.c.DeliveryBoyController  :  Added DeliveryBoy: 6883121cf1b4ec961b2db2f0 for partner: 12273a38-262a-47bf-9dae-43d8374c47b4
|  INFO   |    2025-07-25 10:42:00   |   [http-nio-8080-exec-7]   c.v.a.s.JwtAuthenticationFilter  :  Authorization Header: Bearer eyJhbGciOiJIUzUxMiJ9.eyJzdWIiOiJhc2h1ZGFuZGdlQGdtYWlsLmNvbSIsImlhdCI6MTc1MzQyMDI0MiwiZXhwIjoxNzUzNDM4MjQyfQ.uteomf0WMZxlUMY46UnMh-Ob3xHN9LKvnx43MxUL1DcsoRRRzB0ScXVmminihn9-RQgMPEfHv1o_eqdLM8BXVQ
|  INFO   |    2025-07-25 10:42:00   |   [http-nio-8080-exec-7]   c.v.a.s.DeliverypartnerDetailsService  :  Loading user by email: ashudandge@gmail.com
|  INFO   |    2025-07-25 10:42:00   |   [http-nio-8080-exec-7]   com.vss.app.security.JwtHelper  :  Token validation result for user ashudandge@gmail.com : true
|  INFO   |    2025-07-25 10:42:00   |   [http-nio-8080-exec-7]   c.v.a.s.JwtAuthenticationFilter  :  JWT Token validated successfully, authentication set for user: ashudandge@gmail.com
|  INFO   |    2025-07-25 10:42:00   |   [http-nio-8080-exec-7]   c.vss.app.controller.OrderController  :  Fetching all orders for partner: ashudandge@gmail.com
|  INFO   |    2025-07-25 10:42:00   |   [http-nio-8080-exec-7]   com.vss.app.service.OrderService  :  Fetching all orders for partner: ashudandge@gmail.com
|  WARN   |    2025-07-25 10:42:00   |   [http-nio-8080-exec-7]   c.vss.app.controller.OrderController  :  No orders found for partner: ashudandge@gmail.com
|  INFO   |    2025-07-25 10:42:02   |   [http-nio-8080-exec-6]   c.v.a.s.JwtAuthenticationFilter  :  Authorization Header: Bearer eyJhbGciOiJIUzUxMiJ9.eyJzdWIiOiJhc2h1ZGFuZGdlQGdtYWlsLmNvbSIsImlhdCI6MTc1MzQyMDI0MiwiZXhwIjoxNzUzNDM4MjQyfQ.uteomf0WMZxlUMY46UnMh-Ob3xHN9LKvnx43MxUL1DcsoRRRzB0ScXVmminihn9-RQgMPEfHv1o_eqdLM8BXVQ
|  INFO   |    2025-07-25 10:42:02   |   [http-nio-8080-exec-9]   c.v.a.s.JwtAuthenticationFilter  :  Authorization Header: Bearer eyJhbGciOiJIUzUxMiJ9.eyJzdWIiOiJhc2h1ZGFuZGdlQGdtYWlsLmNvbSIsImlhdCI6MTc1MzQyMDI0MiwiZXhwIjoxNzUzNDM4MjQyfQ.uteomf0WMZxlUMY46UnMh-Ob3xHN9LKvnx43MxUL1DcsoRRRzB0ScXVmminihn9-RQgMPEfHv1o_eqdLM8BXVQ
|  INFO   |    2025-07-25 10:42:02   |   [http-nio-8080-exec-6]   c.v.a.s.DeliverypartnerDetailsService  :  Loading user by email: ashudandge@gmail.com
|  INFO   |    2025-07-25 10:42:02   |   [http-nio-8080-exec-9]   c.v.a.s.DeliverypartnerDetailsService  :  Loading user by email: ashudandge@gmail.com
|  INFO   |    2025-07-25 10:42:02   |   [http-nio-8080-exec-6]   com.vss.app.security.JwtHelper  :  Token validation result for user ashudandge@gmail.com : true
|  INFO   |    2025-07-25 10:42:02   |   [http-nio-8080-exec-6]   c.v.a.s.JwtAuthenticationFilter  :  JWT Token validated successfully, authentication set for user: ashudandge@gmail.com
|  INFO   |    2025-07-25 10:42:02   |   [http-nio-8080-exec-9]   com.vss.app.security.JwtHelper  :  Token validation result for user ashudandge@gmail.com : true
|  INFO   |    2025-07-25 10:42:02   |   [http-nio-8080-exec-9]   c.v.a.s.JwtAuthenticationFilter  :  JWT Token validated successfully, authentication set for user: ashudandge@gmail.com
|  INFO   |    2025-07-25 10:42:02   |   [http-nio-8080-exec-9]   c.v.a.c.DeliveryPartnerController  :  Fetching zip codes for delivery partner: ashudandge@gmail.com
|  INFO   |    2025-07-25 10:42:02   |   [http-nio-8080-exec-9]   c.v.a.service.DeliveryPartnerService  :  Listing zip codes for delivery partner: ashudandge@gmail.com
|  INFO   |    2025-07-25 10:42:10   |   [http-nio-8080-exec-1]   c.v.a.s.JwtAuthenticationFilter  :  Authorization Header: Bearer eyJhbGciOiJIUzUxMiJ9.eyJzdWIiOiJhc2h1ZGFuZGdlQGdtYWlsLmNvbSIsImlhdCI6MTc1MzQyMDI0MiwiZXhwIjoxNzUzNDM4MjQyfQ.uteomf0WMZxlUMY46UnMh-Ob3xHN9LKvnx43MxUL1DcsoRRRzB0ScXVmminihn9-RQgMPEfHv1o_eqdLM8BXVQ
|  INFO   |    2025-07-25 10:42:10   |   [http-nio-8080-exec-1]   c.v.a.s.DeliverypartnerDetailsService  :  Loading user by email: ashudandge@gmail.com
|  INFO   |    2025-07-25 10:42:10   |   [http-nio-8080-exec-1]   com.vss.app.security.JwtHelper  :  Token validation result for user ashudandge@gmail.com : true
|  INFO   |    2025-07-25 10:42:10   |   [http-nio-8080-exec-1]   c.v.a.s.JwtAuthenticationFilter  :  JWT Token validated successfully, authentication set for user: ashudandge@gmail.com
|  INFO   |    2025-07-25 10:42:10   |   [http-nio-8080-exec-1]   com.vss.app.service.ZipCodeService  :  Zip code 443101 added for delivery partner ashudandge@gmail.com
|  INFO   |    2025-07-25 10:42:10   |   [http-nio-8080-exec-1]   c.v.app.controller.ZipCodeController  :  Zip code 443101 added for delivery partner ashudandge@gmail.com
|  INFO   |    2025-07-25 10:42:12   |   [http-nio-8080-exec-3]   c.v.a.s.JwtAuthenticationFilter  :  Authorization Header: Bearer eyJhbGciOiJIUzUxMiJ9.eyJzdWIiOiJhc2h1ZGFuZGdlQGdtYWlsLmNvbSIsImlhdCI6MTc1MzQyMDI0MiwiZXhwIjoxNzUzNDM4MjQyfQ.uteomf0WMZxlUMY46UnMh-Ob3xHN9LKvnx43MxUL1DcsoRRRzB0ScXVmminihn9-RQgMPEfHv1o_eqdLM8BXVQ
|  INFO   |    2025-07-25 10:42:12   |   [http-nio-8080-exec-3]   c.v.a.s.DeliverypartnerDetailsService  :  Loading user by email: ashudandge@gmail.com
|  INFO   |    2025-07-25 10:42:12   |   [http-nio-8080-exec-3]   com.vss.app.security.JwtHelper  :  Token validation result for user ashudandge@gmail.com : true
|  INFO   |    2025-07-25 10:42:12   |   [http-nio-8080-exec-3]   c.v.a.s.JwtAuthenticationFilter  :  JWT Token validated successfully, authentication set for user: ashudandge@gmail.com
|  INFO   |    2025-07-25 10:42:12   |   [http-nio-8080-exec-3]   c.v.a.c.DeliveryPartnerController  :  Fetching zip codes for delivery partner: ashudandge@gmail.com
|  INFO   |    2025-07-25 10:42:12   |   [http-nio-8080-exec-3]   c.v.a.service.DeliveryPartnerService  :  Listing zip codes for delivery partner: ashudandge@gmail.com
|  INFO   |    2025-07-25 10:42:21   |   [http-nio-8080-exec-7]   c.v.a.s.JwtAuthenticationFilter  :  Authorization Header: Bearer eyJhbGciOiJIUzUxMiJ9.eyJzdWIiOiJhc2h1ZGFuZGdlQGdtYWlsLmNvbSIsImlhdCI6MTc1MzQyMDI0MiwiZXhwIjoxNzUzNDM4MjQyfQ.uteomf0WMZxlUMY46UnMh-Ob3xHN9LKvnx43MxUL1DcsoRRRzB0ScXVmminihn9-RQgMPEfHv1o_eqdLM8BXVQ
|  INFO   |    2025-07-25 10:42:21   |   [http-nio-8080-exec-7]   c.v.a.s.DeliverypartnerDetailsService  :  Loading user by email: ashudandge@gmail.com
|  INFO   |    2025-07-25 10:42:21   |   [http-nio-8080-exec-7]   com.vss.app.security.JwtHelper  :  Token validation result for user ashudandge@gmail.com : true
|  INFO   |    2025-07-25 10:42:21   |   [http-nio-8080-exec-7]   c.v.a.s.JwtAuthenticationFilter  :  JWT Token validated successfully, authentication set for user: ashudandge@gmail.com
|  INFO   |    2025-07-25 10:42:21   |   [http-nio-8080-exec-7]   com.vss.app.service.ZipCodeService  :  Zip code 443102 added for delivery partner ashudandge@gmail.com
|  INFO   |    2025-07-25 10:42:21   |   [http-nio-8080-exec-7]   c.v.app.controller.ZipCodeController  :  Zip code 443102 added for delivery partner ashudandge@gmail.com
|  INFO   |    2025-07-25 10:42:22   |   [http-nio-8080-exec-8]   c.v.a.s.JwtAuthenticationFilter  :  Authorization Header: Bearer eyJhbGciOiJIUzUxMiJ9.eyJzdWIiOiJhc2h1ZGFuZGdlQGdtYWlsLmNvbSIsImlhdCI6MTc1MzQyMDI0MiwiZXhwIjoxNzUzNDM4MjQyfQ.uteomf0WMZxlUMY46UnMh-Ob3xHN9LKvnx43MxUL1DcsoRRRzB0ScXVmminihn9-RQgMPEfHv1o_eqdLM8BXVQ
|  INFO   |    2025-07-25 10:42:22   |   [http-nio-8080-exec-8]   c.v.a.s.DeliverypartnerDetailsService  :  Loading user by email: ashudandge@gmail.com
|  INFO   |    2025-07-25 10:42:22   |   [http-nio-8080-exec-8]   com.vss.app.security.JwtHelper  :  Token validation result for user ashudandge@gmail.com : true
|  INFO   |    2025-07-25 10:42:22   |   [http-nio-8080-exec-8]   c.v.a.s.JwtAuthenticationFilter  :  JWT Token validated successfully, authentication set for user: ashudandge@gmail.com
|  INFO   |    2025-07-25 10:42:22   |   [http-nio-8080-exec-8]   c.v.a.c.DeliveryPartnerController  :  Fetching zip codes for delivery partner: ashudandge@gmail.com
|  INFO   |    2025-07-25 10:42:22   |   [http-nio-8080-exec-8]   c.v.a.service.DeliveryPartnerService  :  Listing zip codes for delivery partner: ashudandge@gmail.com
|  INFO   |    2025-07-25 10:42:25   |   [http-nio-8080-exec-6]   c.v.a.s.JwtAuthenticationFilter  :  Authorization Header: Bearer eyJhbGciOiJIUzUxMiJ9.eyJzdWIiOiJhc2h1ZGFuZGdlQGdtYWlsLmNvbSIsImlhdCI6MTc1MzQyMDI0MiwiZXhwIjoxNzUzNDM4MjQyfQ.uteomf0WMZxlUMY46UnMh-Ob3xHN9LKvnx43MxUL1DcsoRRRzB0ScXVmminihn9-RQgMPEfHv1o_eqdLM8BXVQ
|  INFO   |    2025-07-25 10:42:25   |   [http-nio-8080-exec-6]   c.v.a.s.DeliverypartnerDetailsService  :  Loading user by email: ashudandge@gmail.com
|  INFO   |    2025-07-25 10:42:25   |   [http-nio-8080-exec-6]   com.vss.app.security.JwtHelper  :  Token validation result for user ashudandge@gmail.com : true
|  INFO   |    2025-07-25 10:42:25   |   [http-nio-8080-exec-6]   c.v.a.s.JwtAuthenticationFilter  :  JWT Token validated successfully, authentication set for user: ashudandge@gmail.com
|  INFO   |    2025-07-25 10:42:25   |   [http-nio-8080-exec-6]   c.vss.app.controller.OrderController  :  Fetching accepted orders for partner: ashudandge@gmail.com
|  INFO   |    2025-07-25 10:42:25   |   [http-nio-8080-exec-6]   com.vss.app.service.OrderService  :  Fetching all accepted orders for delivery partner: ashudandge@gmail.com
|  INFO   |    2025-07-25 10:42:25   |   [http-nio-8080-exec-6]   com.vss.app.service.OrderService  :  List<String> orderIds = partner.getOrders();
|  WARN   |    2025-07-25 10:42:25   |   [http-nio-8080-exec-6]   c.vss.app.controller.OrderController  :  No accepted orders found for partner: ashudandge@gmail.com
|  INFO   |    2025-07-25 10:42:26   |   [http-nio-8080-exec-1]   c.v.a.s.JwtAuthenticationFilter  :  Authorization Header: Bearer eyJhbGciOiJIUzUxMiJ9.eyJzdWIiOiJhc2h1ZGFuZGdlQGdtYWlsLmNvbSIsImlhdCI6MTc1MzQyMDI0MiwiZXhwIjoxNzUzNDM4MjQyfQ.uteomf0WMZxlUMY46UnMh-Ob3xHN9LKvnx43MxUL1DcsoRRRzB0ScXVmminihn9-RQgMPEfHv1o_eqdLM8BXVQ
|  INFO   |    2025-07-25 10:42:26   |   [http-nio-8080-exec-1]   c.v.a.s.DeliverypartnerDetailsService  :  Loading user by email: ashudandge@gmail.com
|  INFO   |    2025-07-25 10:42:26   |   [http-nio-8080-exec-1]   com.vss.app.security.JwtHelper  :  Token validation result for user ashudandge@gmail.com : true
|  INFO   |    2025-07-25 10:42:26   |   [http-nio-8080-exec-1]   c.v.a.s.JwtAuthenticationFilter  :  JWT Token validated successfully, authentication set for user: ashudandge@gmail.com
|  INFO   |    2025-07-25 10:42:26   |   [http-nio-8080-exec-1]   c.vss.app.controller.OrderController  :  fetching assigned orders for partner:ashudandge@gmail.com
|  INFO   |    2025-07-25 10:42:26   |   [http-nio-8080-exec-3]   c.v.a.s.JwtAuthenticationFilter  :  Authorization Header: Bearer eyJhbGciOiJIUzUxMiJ9.eyJzdWIiOiJhc2h1ZGFuZGdlQGdtYWlsLmNvbSIsImlhdCI6MTc1MzQyMDI0MiwiZXhwIjoxNzUzNDM4MjQyfQ.uteomf0WMZxlUMY46UnMh-Ob3xHN9LKvnx43MxUL1DcsoRRRzB0ScXVmminihn9-RQgMPEfHv1o_eqdLM8BXVQ
|  INFO   |    2025-07-25 10:42:26   |   [http-nio-8080-exec-3]   c.v.a.s.DeliverypartnerDetailsService  :  Loading user by email: ashudandge@gmail.com
|  INFO   |    2025-07-25 10:42:26   |   [http-nio-8080-exec-3]   com.vss.app.security.JwtHelper  :  Token validation result for user ashudandge@gmail.com : true
|  INFO   |    2025-07-25 10:42:26   |   [http-nio-8080-exec-3]   c.v.a.s.JwtAuthenticationFilter  :  JWT Token validated successfully, authentication set for user: ashudandge@gmail.com
|  INFO   |    2025-07-25 10:42:26   |   [http-nio-8080-exec-3]   c.vss.app.controller.OrderController  :  Fetching all orders for partner: ashudandge@gmail.com
|  INFO   |    2025-07-25 10:42:26   |   [http-nio-8080-exec-3]   com.vss.app.service.OrderService  :  Fetching all orders for partner: ashudandge@gmail.com
|  INFO   |    2025-07-25 10:42:26   |   [http-nio-8080-exec-3]   com.vss.app.service.OrderService  :  Fetching orders for zip code: 443101
|  INFO   |    2025-07-25 10:42:26   |   [http-nio-8080-exec-3]   com.vss.app.service.OrderService  :  No orders found for zip code: 443101
|  INFO   |    2025-07-25 10:42:26   |   [http-nio-8080-exec-3]   com.vss.app.service.OrderService  :  Fetching orders for zip code: 443102
|  INFO   |    2025-07-25 10:42:26   |   [http-nio-8080-exec-3]   com.vss.app.service.OrderService  :  No orders found for zip code: 443102
|  WARN   |    2025-07-25 10:42:26   |   [http-nio-8080-exec-3]   c.vss.app.controller.OrderController  :  No orders found for partner: ashudandge@gmail.com
|  INFO   |    2025-07-25 10:42:27   |   [http-nio-8080-exec-4]   c.v.a.s.JwtAuthenticationFilter  :  Authorization Header: Bearer eyJhbGciOiJIUzUxMiJ9.eyJzdWIiOiJhc2h1ZGFuZGdlQGdtYWlsLmNvbSIsImlhdCI6MTc1MzQyMDI0MiwiZXhwIjoxNzUzNDM4MjQyfQ.uteomf0WMZxlUMY46UnMh-Ob3xHN9LKvnx43MxUL1DcsoRRRzB0ScXVmminihn9-RQgMPEfHv1o_eqdLM8BXVQ
|  INFO   |    2025-07-25 10:42:27   |   [http-nio-8080-exec-4]   c.v.a.s.DeliverypartnerDetailsService  :  Loading user by email: ashudandge@gmail.com
|  INFO   |    2025-07-25 10:42:27   |   [http-nio-8080-exec-4]   com.vss.app.security.JwtHelper  :  Token validation result for user ashudandge@gmail.com : true
|  INFO   |    2025-07-25 10:42:27   |   [http-nio-8080-exec-4]   c.v.a.s.JwtAuthenticationFilter  :  JWT Token validated successfully, authentication set for user: ashudandge@gmail.com
|  INFO   |    2025-07-25 10:42:27   |   [http-nio-8080-exec-4]   c.vss.app.controller.OrderController  :  fetching assigned orders for partner:ashudandge@gmail.com
|  INFO   |    2025-07-25 10:42:28   |   [http-nio-8080-exec-5]   c.v.a.s.JwtAuthenticationFilter  :  Authorization Header: Bearer eyJhbGciOiJIUzUxMiJ9.eyJzdWIiOiJhc2h1ZGFuZGdlQGdtYWlsLmNvbSIsImlhdCI6MTc1MzQyMDI0MiwiZXhwIjoxNzUzNDM4MjQyfQ.uteomf0WMZxlUMY46UnMh-Ob3xHN9LKvnx43MxUL1DcsoRRRzB0ScXVmminihn9-RQgMPEfHv1o_eqdLM8BXVQ
|  INFO   |    2025-07-25 10:42:28   |   [http-nio-8080-exec-5]   c.v.a.s.DeliverypartnerDetailsService  :  Loading user by email: ashudandge@gmail.com
|  INFO   |    2025-07-25 10:42:28   |   [http-nio-8080-exec-5]   com.vss.app.security.JwtHelper  :  Token validation result for user ashudandge@gmail.com : true
|  INFO   |    2025-07-25 10:42:28   |   [http-nio-8080-exec-5]   c.v.a.s.JwtAuthenticationFilter  :  JWT Token validated successfully, authentication set for user: ashudandge@gmail.com
|  INFO   |    2025-07-25 10:42:28   |   [http-nio-8080-exec-5]   c.vss.app.controller.OrderController  :  fetching assigned orders for partner:ashudandge@gmail.com
|  INFO   |    2025-07-25 10:43:03   |   [SpringApplicationShutdownHook]   o.s.b.w.e.tomcat.GracefulShutdown  :  Commencing graceful shutdown. Waiting for active requests to complete
|  INFO   |    2025-07-25 10:43:03   |   [tomcat-shutdown]   o.s.b.w.e.tomcat.GracefulShutdown  :  Graceful shutdown complete
|  INFO   |    2025-07-25 11:08:31   |   [main]   c.v.a.ECommDeliveryPartnerApplication  :  Starting ECommDeliveryPartnerApplication v1.0 using Java 17.0.6 with PID 2960 (C:\Users\91782\Desktop\Work\E-Commerce\E-comm-delivery-partner-1.0.jar started by 91782 in C:\Users\91782\Desktop\Work\E-Commerce)
|  INFO   |    2025-07-25 11:08:31   |   [main]   c.v.a.ECommDeliveryPartnerApplication  :  No active profile set, falling back to 1 default profile: "default"
|  INFO   |    2025-07-25 11:08:33   |   [main]   o.s.d.r.c.RepositoryConfigurationDelegate  :  Bootstrapping Spring Data MongoDB repositories in DEFAULT mode.
|  INFO   |    2025-07-25 11:08:33   |   [main]   o.s.d.r.c.RepositoryConfigurationDelegate  :  Finished Spring Data repository scanning in 182 ms. Found 4 MongoDB repository interfaces.
|  INFO   |    2025-07-25 11:08:35   |   [main]   o.s.b.w.e.tomcat.TomcatWebServer  :  Tomcat initialized with port 8080 (http)
|  INFO   |    2025-07-25 11:08:35   |   [main]   o.a.catalina.core.StandardService  :  Starting service [Tomcat]
|  INFO   |    2025-07-25 11:08:35   |   [main]   o.a.catalina.core.StandardEngine  :  Starting Servlet engine: [Apache Tomcat/10.1.42]
|  INFO   |    2025-07-25 11:08:35   |   [main]   o.a.c.c.C.[Tomcat].[localhost].[/]  :  Initializing Spring embedded WebApplicationContext
|  INFO   |    2025-07-25 11:08:35   |   [main]   o.s.b.w.s.c.ServletWebServerApplicationContext  :  Root WebApplicationContext: initialization completed in 3645 ms
|  INFO   |    2025-07-25 11:08:36   |   [main]   org.mongodb.driver.client  :  MongoClient with metadata {"driver": {"name": "mongo-java-driver|sync|spring-boot", "version": "5.5.1"}, "os": {"type": "Windows", "name": "Windows 11", "architecture": "amd64", "version": "10.0"}, "platform": "Java/Oracle Corporation/17.0.6+9-LTS-190"} created with settings MongoClientSettings{readPreference=primary, writeConcern=WriteConcern{w=null, wTimeout=null ms, journal=null}, retryWrites=true, retryReads=true, readConcern=ReadConcern{level=null}, credential=null, transportSettings=null, commandListeners=[], codecRegistry=ProvidersCodecRegistry{codecProviders=[ValueCodecProvider{}, BsonValueCodecProvider{}, DBRefCodecProvider{}, DBObjectCodecProvider{}, DocumentCodecProvider{}, CollectionCodecProvider{}, IterableCodecProvider{}, MapCodecProvider{}, GeoJsonCodecProvider{}, GridFSFileCodecProvider{}, Jsr310CodecProvider{}, JsonObjectCodecProvider{}, BsonCodecProvider{}, EnumCodecProvider{}, com.mongodb.client.model.mql.ExpressionCodecProvider@39de9bda, com.mongodb.Jep395RecordCodecProvider@47148f3f, com.mongodb.KotlinCodecProvider@52226e57]}, loggerSettings=LoggerSettings{maxDocumentLength=1000}, clusterSettings={hosts=[localhost:27017], srvServiceName=mongodb, mode=SINGLE, requiredClusterType=UNKNOWN, requiredReplicaSetName='null', serverSelector='null', clusterListeners='[]', serverSelectionTimeout='30000 ms', localThreshold='15 ms'}, socketSettings=SocketSettings{connectTimeoutMS=10000, readTimeoutMS=0, receiveBufferSize=0, proxySettings=ProxySettings{host=null, port=null, username=null, password=null}}, heartbeatSocketSettings=SocketSettings{connectTimeoutMS=10000, readTimeoutMS=10000, receiveBufferSize=0, proxySettings=ProxySettings{host=null, port=null, username=null, password=null}}, connectionPoolSettings=ConnectionPoolSettings{maxSize=100, minSize=0, maxWaitTimeMS=120000, maxConnectionLifeTimeMS=0, maxConnectionIdleTimeMS=0, maintenanceInitialDelayMS=0, maintenanceFrequencyMS=60000, connectionPoolListeners=[], maxConnecting=2}, serverSettings=ServerSettings{heartbeatFrequencyMS=10000, minHeartbeatFrequencyMS=500, serverMonitoringMode=AUTO, serverListeners='[]', serverMonitorListeners='[]'}, sslSettings=SslSettings{enabled=false, invalidHostNameAllowed=false, context=null}, applicationName='null', compressorList=[], uuidRepresentation=JAVA_LEGACY, serverApi=null, autoEncryptionSettings=null, dnsClient=null, inetAddressResolver=null, contextProvider=null, timeoutMS=null}
|  INFO   |    2025-07-25 11:08:36   |   [cluster-ClusterId{value='6883185bdb1c285b520e9723', description='null'}-localhost:27017]   org.mongodb.driver.cluster  :  Monitor thread successfully connected to server with description ServerDescription{address=localhost:27017, type=STANDALONE, cryptd=false, state=CONNECTED, ok=true, minWireVersion=0, maxWireVersion=25, maxDocumentSize=16777216, logicalSessionTimeoutMinutes=30, roundTripTimeNanos=62905700, minRoundTripTimeNanos=0}
|  INFO   |    2025-07-25 11:08:37   |   [main]   com.vss.app.config.AppConfig  :  Initializing AuthenticationManager bean from AuthenticationConfiguration
|  INFO   |    2025-07-25 11:08:37   |   [main]   com.vss.app.config.AppConfig  :  Initializing BCryptPasswordEncoder bean
|  INFO   |    2025-07-25 11:08:37   |   [main]   o.s.s.c.a.a.c.InitializeUserDetailsBeanManagerConfigurer$InitializeUserDetailsManagerConfigurer  :  Global AuthenticationManager configured with UserDetailsService bean with name deliverypartnerDetailsService
|  INFO   |    2025-07-25 11:08:38   |   [main]   com.vss.app.service.ZipCodeService  :  ZipCodeService initialized with repositories
|  INFO   |    2025-07-25 11:08:38   |   [main]   c.v.app.controller.ZipCodeController  :  ZipCodeController initialized with ZipCodeService
|  INFO   |    2025-07-25 11:08:38   |   [main]   com.vss.app.config.SecurityConfig  :  Initializing security filter chain...
|  INFO   |    2025-07-25 11:08:38   |   [main]   com.vss.app.config.SecurityConfig  :  CORS support enabled in Spring Security
|  INFO   |    2025-07-25 11:08:38   |   [main]   com.vss.app.config.SecurityConfig  :  Setting security rules for HTTP requests
|  INFO   |    2025-07-25 11:08:38   |   [main]   com.vss.app.config.WebConfig  :  Configuring CORS for path pattern '/api/**'
|  INFO   |    2025-07-25 11:08:38   |   [main]   com.vss.app.config.WebConfig  :  CORS configuration applied: Origin=http://localhost:5173, Methods=[GET, POST, PUT, DELETE, OPTIONS]
|  INFO   |    2025-07-25 11:08:39   |   [main]   com.vss.app.config.SecurityConfig  :  Registering authentication entry point for exception handling
|  INFO   |    2025-07-25 11:08:39   |   [main]   com.vss.app.config.SecurityConfig  :  Configuring stateless session management
|  INFO   |    2025-07-25 11:08:39   |   [main]   com.vss.app.config.SecurityConfig  :  JWT authentication filter registered
|  INFO   |    2025-07-25 11:08:39   |   [main]   com.vss.app.config.SecurityConfig  :  Defining CORS configuration source...
|  INFO   |    2025-07-25 11:08:39   |   [main]   com.vss.app.config.SecurityConfig  :  CORS allowed origins: [http://localhost:5173]
|  INFO   |    2025-07-25 11:08:39   |   [main]   com.vss.app.config.SecurityConfig  :  CORS allowed methods: [GET, POST, PUT, DELETE, OPTIONS, PATCH]
|  INFO   |    2025-07-25 11:08:39   |   [main]   com.vss.app.config.SecurityConfig  :  CORS configuration applied to all endpoints
|  INFO   |    2025-07-25 11:08:39   |   [main]   o.s.b.w.e.tomcat.TomcatWebServer  :  Tomcat started on port 8080 (http) with context path '/'
|  INFO   |    2025-07-25 11:08:39   |   [main]   c.v.a.ECommDeliveryPartnerApplication  :  Started ECommDeliveryPartnerApplication in 9.479 seconds (process running for 10.453)
|  INFO   |    2025-07-25 11:08:59   |   [http-nio-8080-exec-1]   o.a.c.c.C.[Tomcat].[localhost].[/]  :  Initializing Spring DispatcherServlet 'dispatcherServlet'
|  INFO   |    2025-07-25 11:08:59   |   [http-nio-8080-exec-1]   o.s.web.servlet.DispatcherServlet  :  Initializing Servlet 'dispatcherServlet'
|  INFO   |    2025-07-25 11:08:59   |   [http-nio-8080-exec-1]   o.s.web.servlet.DispatcherServlet  :  Completed initialization in 2 ms
|  INFO   |    2025-07-25 11:08:59   |   [http-nio-8080-exec-2]   c.v.a.s.JwtAuthenticationFilter  :  Authorization Header: null
|  INFO   |    2025-07-25 11:08:59   |   [http-nio-8080-exec-2]   c.v.a.s.JwtAuthenticationFilter  :  Invalid Authorization header value or header missing
|  INFO   |    2025-07-25 11:09:00   |   [http-nio-8080-exec-2]   c.v.a.c.DeliveryPartnerController  :  Login attempt for email: ashudandge@gmail.com
|  INFO   |    2025-07-25 11:09:00   |   [http-nio-8080-exec-2]   c.v.a.s.DeliverypartnerDetailsService  :  Loading user by email: ashudandge@gmail.com
|  INFO   |    2025-07-25 11:09:00   |   [http-nio-8080-exec-2]   c.v.a.s.DeliverypartnerDetailsService  :  Loading user by email: ashudandge@gmail.com
|  INFO   |    2025-07-25 11:09:00   |   [http-nio-8080-exec-2]   com.vss.app.security.JwtHelper  :  Generated JWT token for subject: ashudandge@gmail.com
|  INFO   |    2025-07-25 11:09:00   |   [http-nio-8080-exec-2]   c.v.a.c.DeliveryPartnerController  :  Login successful for email: ashudandge@gmail.com
|  INFO   |    2025-07-25 11:09:03   |   [http-nio-8080-exec-4]   c.v.a.s.JwtAuthenticationFilter  :  Authorization Header: Bearer eyJhbGciOiJIUzUxMiJ9.eyJzdWIiOiJhc2h1ZGFuZGdlQGdtYWlsLmNvbSIsImlhdCI6MTc1MzQyMTk0MCwiZXhwIjoxNzUzNDM5OTQwfQ.82fxyoTBll2JP2OaFF-2-hItgMQE2z0p4a0CwVPAKg9H8sY7uy5WwoYLTeRl1gzUhZ2vmBU5eaNER59FSs4MJw
|  INFO   |    2025-07-25 11:09:03   |   [http-nio-8080-exec-4]   c.v.a.s.DeliverypartnerDetailsService  :  Loading user by email: ashudandge@gmail.com
|  INFO   |    2025-07-25 11:09:03   |   [http-nio-8080-exec-4]   com.vss.app.security.JwtHelper  :  Token validation result for user ashudandge@gmail.com : true
|  INFO   |    2025-07-25 11:09:03   |   [http-nio-8080-exec-4]   c.v.a.s.JwtAuthenticationFilter  :  JWT Token validated successfully, authentication set for user: ashudandge@gmail.com
|  INFO   |    2025-07-25 11:09:03   |   [http-nio-8080-exec-4]   c.vss.app.service.DeliveryBoyService  :  Fetched 2 delivery boys for partnerId 12273a38-262a-47bf-9dae-43d8374c47b4
|  INFO   |    2025-07-25 11:09:03   |   [http-nio-8080-exec-4]   c.v.a.c.DeliveryBoyController  :  Returning 2 delivery boys for partnerId 12273a38-262a-47bf-9dae-43d8374c47b4
|  INFO   |    2025-07-25 11:09:07   |   [http-nio-8080-exec-5]   c.v.a.s.JwtAuthenticationFilter  :  Authorization Header: Bearer eyJhbGciOiJIUzUxMiJ9.eyJzdWIiOiJhc2h1ZGFuZGdlQGdtYWlsLmNvbSIsImlhdCI6MTc1MzQyMTk0MCwiZXhwIjoxNzUzNDM5OTQwfQ.82fxyoTBll2JP2OaFF-2-hItgMQE2z0p4a0CwVPAKg9H8sY7uy5WwoYLTeRl1gzUhZ2vmBU5eaNER59FSs4MJw
|  INFO   |    2025-07-25 11:09:07   |   [http-nio-8080-exec-5]   c.v.a.s.DeliverypartnerDetailsService  :  Loading user by email: ashudandge@gmail.com
|  INFO   |    2025-07-25 11:09:07   |   [http-nio-8080-exec-5]   com.vss.app.security.JwtHelper  :  Token validation result for user ashudandge@gmail.com : true
|  INFO   |    2025-07-25 11:09:07   |   [http-nio-8080-exec-5]   c.v.a.s.JwtAuthenticationFilter  :  JWT Token validated successfully, authentication set for user: ashudandge@gmail.com
|  INFO   |    2025-07-25 11:09:07   |   [http-nio-8080-exec-5]   c.vss.app.service.DeliveryBoyService  :  Fetched 2 delivery boys for partnerId 12273a38-262a-47bf-9dae-43d8374c47b4
|  INFO   |    2025-07-25 11:09:07   |   [http-nio-8080-exec-5]   c.v.a.c.DeliveryBoyController  :  Returning 2 delivery boys for partnerId 12273a38-262a-47bf-9dae-43d8374c47b4
|  INFO   |    2025-07-25 11:09:08   |   [http-nio-8080-exec-9]   c.v.a.s.JwtAuthenticationFilter  :  Authorization Header: Bearer eyJhbGciOiJIUzUxMiJ9.eyJzdWIiOiJhc2h1ZGFuZGdlQGdtYWlsLmNvbSIsImlhdCI6MTc1MzQyMTk0MCwiZXhwIjoxNzUzNDM5OTQwfQ.82fxyoTBll2JP2OaFF-2-hItgMQE2z0p4a0CwVPAKg9H8sY7uy5WwoYLTeRl1gzUhZ2vmBU5eaNER59FSs4MJw
|  INFO   |    2025-07-25 11:09:08   |   [http-nio-8080-exec-8]   c.v.a.s.JwtAuthenticationFilter  :  Authorization Header: Bearer eyJhbGciOiJIUzUxMiJ9.eyJzdWIiOiJhc2h1ZGFuZGdlQGdtYWlsLmNvbSIsImlhdCI6MTc1MzQyMTk0MCwiZXhwIjoxNzUzNDM5OTQwfQ.82fxyoTBll2JP2OaFF-2-hItgMQE2z0p4a0CwVPAKg9H8sY7uy5WwoYLTeRl1gzUhZ2vmBU5eaNER59FSs4MJw
|  INFO   |    2025-07-25 11:09:08   |   [http-nio-8080-exec-9]   c.v.a.s.DeliverypartnerDetailsService  :  Loading user by email: ashudandge@gmail.com
|  INFO   |    2025-07-25 11:09:08   |   [http-nio-8080-exec-8]   c.v.a.s.DeliverypartnerDetailsService  :  Loading user by email: ashudandge@gmail.com
|  INFO   |    2025-07-25 11:09:08   |   [http-nio-8080-exec-9]   com.vss.app.security.JwtHelper  :  Token validation result for user ashudandge@gmail.com : true
|  INFO   |    2025-07-25 11:09:08   |   [http-nio-8080-exec-9]   c.v.a.s.JwtAuthenticationFilter  :  JWT Token validated successfully, authentication set for user: ashudandge@gmail.com
|  INFO   |    2025-07-25 11:09:08   |   [http-nio-8080-exec-8]   com.vss.app.security.JwtHelper  :  Token validation result for user ashudandge@gmail.com : true
|  INFO   |    2025-07-25 11:09:08   |   [http-nio-8080-exec-8]   c.v.a.s.JwtAuthenticationFilter  :  JWT Token validated successfully, authentication set for user: ashudandge@gmail.com
|  INFO   |    2025-07-25 11:09:08   |   [http-nio-8080-exec-9]   c.v.a.c.DeliveryPartnerController  :  Fetching zip codes for delivery partner: ashudandge@gmail.com
|  INFO   |    2025-07-25 11:09:08   |   [http-nio-8080-exec-9]   c.v.a.service.DeliveryPartnerService  :  Listing zip codes for delivery partner: ashudandge@gmail.com
|  INFO   |    2025-07-25 11:09:09   |   [http-nio-8080-exec-10]   c.v.a.s.JwtAuthenticationFilter  :  Authorization Header: Bearer eyJhbGciOiJIUzUxMiJ9.eyJzdWIiOiJhc2h1ZGFuZGdlQGdtYWlsLmNvbSIsImlhdCI6MTc1MzQyMTk0MCwiZXhwIjoxNzUzNDM5OTQwfQ.82fxyoTBll2JP2OaFF-2-hItgMQE2z0p4a0CwVPAKg9H8sY7uy5WwoYLTeRl1gzUhZ2vmBU5eaNER59FSs4MJw
|  INFO   |    2025-07-25 11:09:09   |   [http-nio-8080-exec-10]   c.v.a.s.DeliverypartnerDetailsService  :  Loading user by email: ashudandge@gmail.com
|  INFO   |    2025-07-25 11:09:09   |   [http-nio-8080-exec-10]   com.vss.app.security.JwtHelper  :  Token validation result for user ashudandge@gmail.com : true
|  INFO   |    2025-07-25 11:09:09   |   [http-nio-8080-exec-10]   c.v.a.s.JwtAuthenticationFilter  :  JWT Token validated successfully, authentication set for user: ashudandge@gmail.com
|  INFO   |    2025-07-25 11:09:09   |   [http-nio-8080-exec-10]   c.vss.app.service.DeliveryBoyService  :  Fetched 2 delivery boys for partnerId 12273a38-262a-47bf-9dae-43d8374c47b4
|  INFO   |    2025-07-25 11:09:09   |   [http-nio-8080-exec-10]   c.v.a.c.DeliveryBoyController  :  Returning 2 delivery boys for partnerId 12273a38-262a-47bf-9dae-43d8374c47b4
|  INFO   |    2025-07-25 11:09:11   |   [http-nio-8080-exec-2]   c.v.a.s.JwtAuthenticationFilter  :  Authorization Header: Bearer eyJhbGciOiJIUzUxMiJ9.eyJzdWIiOiJhc2h1ZGFuZGdlQGdtYWlsLmNvbSIsImlhdCI6MTc1MzQyMTk0MCwiZXhwIjoxNzUzNDM5OTQwfQ.82fxyoTBll2JP2OaFF-2-hItgMQE2z0p4a0CwVPAKg9H8sY7uy5WwoYLTeRl1gzUhZ2vmBU5eaNER59FSs4MJw
|  INFO   |    2025-07-25 11:09:11   |   [http-nio-8080-exec-2]   c.v.a.s.DeliverypartnerDetailsService  :  Loading user by email: ashudandge@gmail.com
|  INFO   |    2025-07-25 11:09:11   |   [http-nio-8080-exec-2]   com.vss.app.security.JwtHelper  :  Token validation result for user ashudandge@gmail.com : true
|  INFO   |    2025-07-25 11:09:11   |   [http-nio-8080-exec-2]   c.v.a.s.JwtAuthenticationFilter  :  JWT Token validated successfully, authentication set for user: ashudandge@gmail.com
|  INFO   |    2025-07-25 11:09:11   |   [http-nio-8080-exec-2]   c.vss.app.controller.OrderController  :  Fetching all orders for partner: ashudandge@gmail.com
|  INFO   |    2025-07-25 11:09:11   |   [http-nio-8080-exec-2]   com.vss.app.service.OrderService  :  Fetching all orders for partner: ashudandge@gmail.com
|  INFO   |    2025-07-25 11:09:11   |   [http-nio-8080-exec-2]   com.vss.app.service.OrderService  :  Fetching orders for zip code: 443101
|  INFO   |    2025-07-25 11:09:11   |   [http-nio-8080-exec-2]   com.vss.app.service.OrderService  :  No orders found for zip code: 443101
|  INFO   |    2025-07-25 11:09:11   |   [http-nio-8080-exec-2]   com.vss.app.service.OrderService  :  Fetching orders for zip code: 443102
|  INFO   |    2025-07-25 11:09:11   |   [http-nio-8080-exec-2]   com.vss.app.service.OrderService  :  No orders found for zip code: 443102
|  WARN   |    2025-07-25 11:09:11   |   [http-nio-8080-exec-2]   c.vss.app.controller.OrderController  :  No orders found for partner: ashudandge@gmail.com
|  INFO   |    2025-07-25 11:09:12   |   [http-nio-8080-exec-3]   c.v.a.s.JwtAuthenticationFilter  :  Authorization Header: Bearer eyJhbGciOiJIUzUxMiJ9.eyJzdWIiOiJhc2h1ZGFuZGdlQGdtYWlsLmNvbSIsImlhdCI6MTc1MzQyMTk0MCwiZXhwIjoxNzUzNDM5OTQwfQ.82fxyoTBll2JP2OaFF-2-hItgMQE2z0p4a0CwVPAKg9H8sY7uy5WwoYLTeRl1gzUhZ2vmBU5eaNER59FSs4MJw
|  INFO   |    2025-07-25 11:09:12   |   [http-nio-8080-exec-3]   c.v.a.s.DeliverypartnerDetailsService  :  Loading user by email: ashudandge@gmail.com
|  INFO   |    2025-07-25 11:09:12   |   [http-nio-8080-exec-3]   com.vss.app.security.JwtHelper  :  Token validation result for user ashudandge@gmail.com : true
|  INFO   |    2025-07-25 11:09:12   |   [http-nio-8080-exec-3]   c.v.a.s.JwtAuthenticationFilter  :  JWT Token validated successfully, authentication set for user: ashudandge@gmail.com
|  INFO   |    2025-07-25 11:09:12   |   [http-nio-8080-exec-3]   c.vss.app.service.DeliveryBoyService  :  Fetched 2 delivery boys for partnerId 12273a38-262a-47bf-9dae-43d8374c47b4
|  INFO   |    2025-07-25 11:09:12   |   [http-nio-8080-exec-3]   c.v.a.c.DeliveryBoyController  :  Returning 2 delivery boys for partnerId 12273a38-262a-47bf-9dae-43d8374c47b4
|  INFO   |    2025-07-25 11:09:13   |   [http-nio-8080-exec-4]   c.v.a.s.JwtAuthenticationFilter  :  Authorization Header: Bearer eyJhbGciOiJIUzUxMiJ9.eyJzdWIiOiJhc2h1ZGFuZGdlQGdtYWlsLmNvbSIsImlhdCI6MTc1MzQyMTk0MCwiZXhwIjoxNzUzNDM5OTQwfQ.82fxyoTBll2JP2OaFF-2-hItgMQE2z0p4a0CwVPAKg9H8sY7uy5WwoYLTeRl1gzUhZ2vmBU5eaNER59FSs4MJw
|  INFO   |    2025-07-25 11:09:13   |   [http-nio-8080-exec-4]   c.v.a.s.DeliverypartnerDetailsService  :  Loading user by email: ashudandge@gmail.com
|  INFO   |    2025-07-25 11:09:13   |   [http-nio-8080-exec-4]   com.vss.app.security.JwtHelper  :  Token validation result for user ashudandge@gmail.com : true
|  INFO   |    2025-07-25 11:09:13   |   [http-nio-8080-exec-4]   c.v.a.s.JwtAuthenticationFilter  :  JWT Token validated successfully, authentication set for user: ashudandge@gmail.com
|  INFO   |    2025-07-25 11:09:13   |   [http-nio-8080-exec-4]   c.vss.app.controller.OrderController  :  Fetching all orders for partner: ashudandge@gmail.com
|  INFO   |    2025-07-25 11:09:13   |   [http-nio-8080-exec-4]   com.vss.app.service.OrderService  :  Fetching all orders for partner: ashudandge@gmail.com
|  INFO   |    2025-07-25 11:09:13   |   [http-nio-8080-exec-4]   com.vss.app.service.OrderService  :  Fetching orders for zip code: 443101
|  INFO   |    2025-07-25 11:09:13   |   [http-nio-8080-exec-4]   com.vss.app.service.OrderService  :  No orders found for zip code: 443101
|  INFO   |    2025-07-25 11:09:13   |   [http-nio-8080-exec-4]   com.vss.app.service.OrderService  :  Fetching orders for zip code: 443102
|  INFO   |    2025-07-25 11:09:13   |   [http-nio-8080-exec-4]   com.vss.app.service.OrderService  :  No orders found for zip code: 443102
|  WARN   |    2025-07-25 11:09:13   |   [http-nio-8080-exec-4]   c.vss.app.controller.OrderController  :  No orders found for partner: ashudandge@gmail.com
|  INFO   |    2025-07-25 11:09:13   |   [http-nio-8080-exec-5]   c.v.a.s.JwtAuthenticationFilter  :  Authorization Header: Bearer eyJhbGciOiJIUzUxMiJ9.eyJzdWIiOiJhc2h1ZGFuZGdlQGdtYWlsLmNvbSIsImlhdCI6MTc1MzQyMTk0MCwiZXhwIjoxNzUzNDM5OTQwfQ.82fxyoTBll2JP2OaFF-2-hItgMQE2z0p4a0CwVPAKg9H8sY7uy5WwoYLTeRl1gzUhZ2vmBU5eaNER59FSs4MJw
|  INFO   |    2025-07-25 11:09:13   |   [http-nio-8080-exec-5]   c.v.a.s.DeliverypartnerDetailsService  :  Loading user by email: ashudandge@gmail.com
|  INFO   |    2025-07-25 11:09:13   |   [http-nio-8080-exec-5]   com.vss.app.security.JwtHelper  :  Token validation result for user ashudandge@gmail.com : true
|  INFO   |    2025-07-25 11:09:13   |   [http-nio-8080-exec-5]   c.v.a.s.JwtAuthenticationFilter  :  JWT Token validated successfully, authentication set for user: ashudandge@gmail.com
|  INFO   |    2025-07-25 11:09:13   |   [http-nio-8080-exec-5]   c.vss.app.service.DeliveryBoyService  :  Fetched 2 delivery boys for partnerId 12273a38-262a-47bf-9dae-43d8374c47b4
|  INFO   |    2025-07-25 11:09:13   |   [http-nio-8080-exec-5]   c.v.a.c.DeliveryBoyController  :  Returning 2 delivery boys for partnerId 12273a38-262a-47bf-9dae-43d8374c47b4
|  INFO   |    2025-07-25 11:09:15   |   [http-nio-8080-exec-8]   c.v.a.s.JwtAuthenticationFilter  :  Authorization Header: Bearer eyJhbGciOiJIUzUxMiJ9.eyJzdWIiOiJhc2h1ZGFuZGdlQGdtYWlsLmNvbSIsImlhdCI6MTc1MzQyMTk0MCwiZXhwIjoxNzUzNDM5OTQwfQ.82fxyoTBll2JP2OaFF-2-hItgMQE2z0p4a0CwVPAKg9H8sY7uy5WwoYLTeRl1gzUhZ2vmBU5eaNER59FSs4MJw
|  INFO   |    2025-07-25 11:09:15   |   [http-nio-8080-exec-9]   c.v.a.s.JwtAuthenticationFilter  :  Authorization Header: Bearer eyJhbGciOiJIUzUxMiJ9.eyJzdWIiOiJhc2h1ZGFuZGdlQGdtYWlsLmNvbSIsImlhdCI6MTc1MzQyMTk0MCwiZXhwIjoxNzUzNDM5OTQwfQ.82fxyoTBll2JP2OaFF-2-hItgMQE2z0p4a0CwVPAKg9H8sY7uy5WwoYLTeRl1gzUhZ2vmBU5eaNER59FSs4MJw
|  INFO   |    2025-07-25 11:09:15   |   [http-nio-8080-exec-9]   c.v.a.s.DeliverypartnerDetailsService  :  Loading user by email: ashudandge@gmail.com
|  INFO   |    2025-07-25 11:09:15   |   [http-nio-8080-exec-8]   c.v.a.s.DeliverypartnerDetailsService  :  Loading user by email: ashudandge@gmail.com
|  INFO   |    2025-07-25 11:09:15   |   [http-nio-8080-exec-9]   com.vss.app.security.JwtHelper  :  Token validation result for user ashudandge@gmail.com : true
|  INFO   |    2025-07-25 11:09:15   |   [http-nio-8080-exec-8]   com.vss.app.security.JwtHelper  :  Token validation result for user ashudandge@gmail.com : true
|  INFO   |    2025-07-25 11:09:15   |   [http-nio-8080-exec-9]   c.v.a.s.JwtAuthenticationFilter  :  JWT Token validated successfully, authentication set for user: ashudandge@gmail.com
|  INFO   |    2025-07-25 11:09:15   |   [http-nio-8080-exec-8]   c.v.a.s.JwtAuthenticationFilter  :  JWT Token validated successfully, authentication set for user: ashudandge@gmail.com
|  INFO   |    2025-07-25 11:09:15   |   [http-nio-8080-exec-9]   c.v.a.c.DeliveryPartnerController  :  Fetching zip codes for delivery partner: ashudandge@gmail.com
|  INFO   |    2025-07-25 11:09:15   |   [http-nio-8080-exec-9]   c.v.a.service.DeliveryPartnerService  :  Listing zip codes for delivery partner: ashudandge@gmail.com
|  INFO   |    2025-07-25 11:09:36   |   [http-nio-8080-exec-1]   c.v.a.s.JwtAuthenticationFilter  :  Authorization Header: Bearer eyJhbGciOiJIUzUxMiJ9.eyJzdWIiOiJhc2h1ZGFuZGdlQGdtYWlsLmNvbSIsImlhdCI6MTc1MzQyMTk0MCwiZXhwIjoxNzUzNDM5OTQwfQ.82fxyoTBll2JP2OaFF-2-hItgMQE2z0p4a0CwVPAKg9H8sY7uy5WwoYLTeRl1gzUhZ2vmBU5eaNER59FSs4MJw
|  INFO   |    2025-07-25 11:09:36   |   [http-nio-8080-exec-1]   c.v.a.s.DeliverypartnerDetailsService  :  Loading user by email: ashudandge@gmail.com
|  INFO   |    2025-07-25 11:09:36   |   [http-nio-8080-exec-1]   com.vss.app.security.JwtHelper  :  Token validation result for user ashudandge@gmail.com : true
|  INFO   |    2025-07-25 11:09:36   |   [http-nio-8080-exec-1]   c.v.a.s.JwtAuthenticationFilter  :  JWT Token validated successfully, authentication set for user: ashudandge@gmail.com
|  INFO   |    2025-07-25 11:09:36   |   [http-nio-8080-exec-1]   c.vss.app.controller.OrderController  :  fetching assigned orders for partner:ashudandge@gmail.com
|  INFO   |    2025-07-25 11:09:36   |   [http-nio-8080-exec-3]   c.v.a.s.JwtAuthenticationFilter  :  Authorization Header: Bearer eyJhbGciOiJIUzUxMiJ9.eyJzdWIiOiJhc2h1ZGFuZGdlQGdtYWlsLmNvbSIsImlhdCI6MTc1MzQyMTk0MCwiZXhwIjoxNzUzNDM5OTQwfQ.82fxyoTBll2JP2OaFF-2-hItgMQE2z0p4a0CwVPAKg9H8sY7uy5WwoYLTeRl1gzUhZ2vmBU5eaNER59FSs4MJw
|  INFO   |    2025-07-25 11:09:36   |   [http-nio-8080-exec-3]   c.v.a.s.DeliverypartnerDetailsService  :  Loading user by email: ashudandge@gmail.com
|  INFO   |    2025-07-25 11:09:36   |   [http-nio-8080-exec-3]   com.vss.app.security.JwtHelper  :  Token validation result for user ashudandge@gmail.com : true
|  INFO   |    2025-07-25 11:09:36   |   [http-nio-8080-exec-3]   c.v.a.s.JwtAuthenticationFilter  :  JWT Token validated successfully, authentication set for user: ashudandge@gmail.com
|  INFO   |    2025-07-25 11:09:36   |   [http-nio-8080-exec-3]   c.vss.app.controller.OrderController  :  Fetching accepted orders for partner: ashudandge@gmail.com
|  INFO   |    2025-07-25 11:09:36   |   [http-nio-8080-exec-3]   com.vss.app.service.OrderService  :  Fetching all accepted orders for delivery partner: ashudandge@gmail.com
|  INFO   |    2025-07-25 11:09:36   |   [http-nio-8080-exec-3]   com.vss.app.service.OrderService  :  List<String> orderIds = partner.getOrders();
|  WARN   |    2025-07-25 11:09:36   |   [http-nio-8080-exec-3]   c.vss.app.controller.OrderController  :  No accepted orders found for partner: ashudandge@gmail.com
|  INFO   |    2025-07-25 11:09:37   |   [http-nio-8080-exec-5]   c.v.a.s.JwtAuthenticationFilter  :  Authorization Header: Bearer eyJhbGciOiJIUzUxMiJ9.eyJzdWIiOiJhc2h1ZGFuZGdlQGdtYWlsLmNvbSIsImlhdCI6MTc1MzQyMTk0MCwiZXhwIjoxNzUzNDM5OTQwfQ.82fxyoTBll2JP2OaFF-2-hItgMQE2z0p4a0CwVPAKg9H8sY7uy5WwoYLTeRl1gzUhZ2vmBU5eaNER59FSs4MJw
|  INFO   |    2025-07-25 11:09:37   |   [http-nio-8080-exec-5]   c.v.a.s.DeliverypartnerDetailsService  :  Loading user by email: ashudandge@gmail.com
|  INFO   |    2025-07-25 11:09:37   |   [http-nio-8080-exec-5]   com.vss.app.security.JwtHelper  :  Token validation result for user ashudandge@gmail.com : true
|  INFO   |    2025-07-25 11:09:37   |   [http-nio-8080-exec-5]   c.v.a.s.JwtAuthenticationFilter  :  JWT Token validated successfully, authentication set for user: ashudandge@gmail.com
|  INFO   |    2025-07-25 11:09:37   |   [http-nio-8080-exec-5]   c.vss.app.controller.OrderController  :  Fetching all orders for partner: ashudandge@gmail.com
|  INFO   |    2025-07-25 11:09:37   |   [http-nio-8080-exec-5]   com.vss.app.service.OrderService  :  Fetching all orders for partner: ashudandge@gmail.com
|  INFO   |    2025-07-25 11:09:37   |   [http-nio-8080-exec-5]   com.vss.app.service.OrderService  :  Fetching orders for zip code: 443101
|  INFO   |    2025-07-25 11:09:37   |   [http-nio-8080-exec-5]   com.vss.app.service.OrderService  :  No orders found for zip code: 443101
|  INFO   |    2025-07-25 11:09:37   |   [http-nio-8080-exec-5]   com.vss.app.service.OrderService  :  Fetching orders for zip code: 443102
|  INFO   |    2025-07-25 11:09:37   |   [http-nio-8080-exec-5]   com.vss.app.service.OrderService  :  No orders found for zip code: 443102
|  WARN   |    2025-07-25 11:09:37   |   [http-nio-8080-exec-5]   c.vss.app.controller.OrderController  :  No orders found for partner: ashudandge@gmail.com
|  INFO   |    2025-07-25 11:09:39   |   [http-nio-8080-exec-6]   c.v.a.s.JwtAuthenticationFilter  :  Authorization Header: Bearer eyJhbGciOiJIUzUxMiJ9.eyJzdWIiOiJhc2h1ZGFuZGdlQGdtYWlsLmNvbSIsImlhdCI6MTc1MzQyMTk0MCwiZXhwIjoxNzUzNDM5OTQwfQ.82fxyoTBll2JP2OaFF-2-hItgMQE2z0p4a0CwVPAKg9H8sY7uy5WwoYLTeRl1gzUhZ2vmBU5eaNER59FSs4MJw
|  INFO   |    2025-07-25 11:09:39   |   [http-nio-8080-exec-6]   c.v.a.s.DeliverypartnerDetailsService  :  Loading user by email: ashudandge@gmail.com
|  INFO   |    2025-07-25 11:09:39   |   [http-nio-8080-exec-6]   com.vss.app.security.JwtHelper  :  Token validation result for user ashudandge@gmail.com : true
|  INFO   |    2025-07-25 11:09:39   |   [http-nio-8080-exec-6]   c.v.a.s.JwtAuthenticationFilter  :  JWT Token validated successfully, authentication set for user: ashudandge@gmail.com
|  INFO   |    2025-07-25 11:09:39   |   [http-nio-8080-exec-6]   c.vss.app.controller.OrderController  :  Fetching all orders for partner: ashudandge@gmail.com
|  INFO   |    2025-07-25 11:09:39   |   [http-nio-8080-exec-6]   com.vss.app.service.OrderService  :  Fetching all orders for partner: ashudandge@gmail.com
|  INFO   |    2025-07-25 11:09:39   |   [http-nio-8080-exec-6]   com.vss.app.service.OrderService  :  Fetching orders for zip code: 443101
|  INFO   |    2025-07-25 11:09:39   |   [http-nio-8080-exec-6]   com.vss.app.service.OrderService  :  No orders found for zip code: 443101
|  INFO   |    2025-07-25 11:09:39   |   [http-nio-8080-exec-6]   com.vss.app.service.OrderService  :  Fetching orders for zip code: 443102
|  INFO   |    2025-07-25 11:09:39   |   [http-nio-8080-exec-6]   com.vss.app.service.OrderService  :  No orders found for zip code: 443102
|  WARN   |    2025-07-25 11:09:39   |   [http-nio-8080-exec-6]   c.vss.app.controller.OrderController  :  No orders found for partner: ashudandge@gmail.com
|  INFO   |    2025-07-25 11:10:00   |   [http-nio-8080-exec-8]   c.v.a.s.JwtAuthenticationFilter  :  Authorization Header: Bearer eyJhbGciOiJIUzUxMiJ9.eyJzdWIiOiJhc2h1ZGFuZGdlQGdtYWlsLmNvbSIsImlhdCI6MTc1MzQyMTk0MCwiZXhwIjoxNzUzNDM5OTQwfQ.82fxyoTBll2JP2OaFF-2-hItgMQE2z0p4a0CwVPAKg9H8sY7uy5WwoYLTeRl1gzUhZ2vmBU5eaNER59FSs4MJw
|  INFO   |    2025-07-25 11:10:00   |   [http-nio-8080-exec-8]   c.v.a.s.DeliverypartnerDetailsService  :  Loading user by email: ashudandge@gmail.com
|  INFO   |    2025-07-25 11:10:00   |   [http-nio-8080-exec-8]   com.vss.app.security.JwtHelper  :  Token validation result for user ashudandge@gmail.com : true
|  INFO   |    2025-07-25 11:10:00   |   [http-nio-8080-exec-8]   c.v.a.s.JwtAuthenticationFilter  :  JWT Token validated successfully, authentication set for user: ashudandge@gmail.com
|  INFO   |    2025-07-25 11:10:00   |   [http-nio-8080-exec-8]   c.vss.app.service.DeliveryBoyService  :  Fetched 2 delivery boys for partnerId 12273a38-262a-47bf-9dae-43d8374c47b4
|  INFO   |    2025-07-25 11:10:00   |   [http-nio-8080-exec-8]   c.v.a.c.DeliveryBoyController  :  Returning 2 delivery boys for partnerId 12273a38-262a-47bf-9dae-43d8374c47b4
|  INFO   |    2025-07-25 11:10:00   |   [http-nio-8080-exec-10]   c.v.a.s.JwtAuthenticationFilter  :  Authorization Header: Bearer eyJhbGciOiJIUzUxMiJ9.eyJzdWIiOiJhc2h1ZGFuZGdlQGdtYWlsLmNvbSIsImlhdCI6MTc1MzQyMTk0MCwiZXhwIjoxNzUzNDM5OTQwfQ.82fxyoTBll2JP2OaFF-2-hItgMQE2z0p4a0CwVPAKg9H8sY7uy5WwoYLTeRl1gzUhZ2vmBU5eaNER59FSs4MJw
|  INFO   |    2025-07-25 11:10:00   |   [http-nio-8080-exec-10]   c.v.a.s.DeliverypartnerDetailsService  :  Loading user by email: ashudandge@gmail.com
|  INFO   |    2025-07-25 11:10:00   |   [http-nio-8080-exec-10]   com.vss.app.security.JwtHelper  :  Token validation result for user ashudandge@gmail.com : true
|  INFO   |    2025-07-25 11:10:00   |   [http-nio-8080-exec-10]   c.v.a.s.JwtAuthenticationFilter  :  JWT Token validated successfully, authentication set for user: ashudandge@gmail.com
|  INFO   |    2025-07-25 11:10:00   |   [http-nio-8080-exec-10]   c.vss.app.controller.OrderController  :  Fetching all orders for partner: ashudandge@gmail.com
|  INFO   |    2025-07-25 11:10:00   |   [http-nio-8080-exec-10]   com.vss.app.service.OrderService  :  Fetching all orders for partner: ashudandge@gmail.com
|  INFO   |    2025-07-25 11:10:00   |   [http-nio-8080-exec-10]   com.vss.app.service.OrderService  :  Fetching orders for zip code: 443101
|  INFO   |    2025-07-25 11:10:00   |   [http-nio-8080-exec-10]   com.vss.app.service.OrderService  :  No orders found for zip code: 443101
|  INFO   |    2025-07-25 11:10:00   |   [http-nio-8080-exec-10]   com.vss.app.service.OrderService  :  Fetching orders for zip code: 443102
|  INFO   |    2025-07-25 11:10:00   |   [http-nio-8080-exec-10]   com.vss.app.service.OrderService  :  No orders found for zip code: 443102
|  WARN   |    2025-07-25 11:10:00   |   [http-nio-8080-exec-10]   c.vss.app.controller.OrderController  :  No orders found for partner: ashudandge@gmail.com
|  INFO   |    2025-07-25 11:12:14   |   [SpringApplicationShutdownHook]   o.s.b.w.e.tomcat.GracefulShutdown  :  Commencing graceful shutdown. Waiting for active requests to complete
|  INFO   |    2025-07-25 11:12:14   |   [tomcat-shutdown]   o.s.b.w.e.tomcat.GracefulShutdown  :  Graceful shutdown complete
|  INFO   |    2025-07-25 11:23:09   |   [main]   c.v.a.ECommDeliveryPartnerApplication  :  Starting ECommDeliveryPartnerApplication v1.0 using Java 17.0.6 with PID 13816 (C:\Users\91782\Desktop\Work\E-Commerce\E-comm-delivery-partner-1.0.jar started by 91782 in C:\Users\91782\Desktop\Work\E-Commerce)
|  INFO   |    2025-07-25 11:23:09   |   [main]   c.v.a.ECommDeliveryPartnerApplication  :  No active profile set, falling back to 1 default profile: "default"
|  INFO   |    2025-07-25 11:23:11   |   [main]   o.s.d.r.c.RepositoryConfigurationDelegate  :  Bootstrapping Spring Data MongoDB repositories in DEFAULT mode.
|  INFO   |    2025-07-25 11:23:11   |   [main]   o.s.d.r.c.RepositoryConfigurationDelegate  :  Finished Spring Data repository scanning in 134 ms. Found 4 MongoDB repository interfaces.
|  INFO   |    2025-07-25 11:23:12   |   [main]   o.s.b.w.e.tomcat.TomcatWebServer  :  Tomcat initialized with port 8080 (http)
|  INFO   |    2025-07-25 11:23:12   |   [main]   o.a.catalina.core.StandardService  :  Starting service [Tomcat]
|  INFO   |    2025-07-25 11:23:12   |   [main]   o.a.catalina.core.StandardEngine  :  Starting Servlet engine: [Apache Tomcat/10.1.42]
|  INFO   |    2025-07-25 11:23:12   |   [main]   o.a.c.c.C.[Tomcat].[localhost].[/]  :  Initializing Spring embedded WebApplicationContext
|  INFO   |    2025-07-25 11:23:12   |   [main]   o.s.b.w.s.c.ServletWebServerApplicationContext  :  Root WebApplicationContext: initialization completed in 2957 ms
|  INFO   |    2025-07-25 11:23:13   |   [main]   org.mongodb.driver.client  :  MongoClient with metadata {"driver": {"name": "mongo-java-driver|sync|spring-boot", "version": "5.5.1"}, "os": {"type": "Windows", "name": "Windows 11", "architecture": "amd64", "version": "10.0"}, "platform": "Java/Oracle Corporation/17.0.6+9-LTS-190"} created with settings MongoClientSettings{readPreference=primary, writeConcern=WriteConcern{w=null, wTimeout=null ms, journal=null}, retryWrites=true, retryReads=true, readConcern=ReadConcern{level=null}, credential=null, transportSettings=null, commandListeners=[], codecRegistry=ProvidersCodecRegistry{codecProviders=[ValueCodecProvider{}, BsonValueCodecProvider{}, DBRefCodecProvider{}, DBObjectCodecProvider{}, DocumentCodecProvider{}, CollectionCodecProvider{}, IterableCodecProvider{}, MapCodecProvider{}, GeoJsonCodecProvider{}, GridFSFileCodecProvider{}, Jsr310CodecProvider{}, JsonObjectCodecProvider{}, BsonCodecProvider{}, EnumCodecProvider{}, com.mongodb.client.model.mql.ExpressionCodecProvider@3cc30dee, com.mongodb.Jep395RecordCodecProvider@7d528cf7, com.mongodb.KotlinCodecProvider@6dee8ae6]}, loggerSettings=LoggerSettings{maxDocumentLength=1000}, clusterSettings={hosts=[localhost:27017], srvServiceName=mongodb, mode=SINGLE, requiredClusterType=UNKNOWN, requiredReplicaSetName='null', serverSelector='null', clusterListeners='[]', serverSelectionTimeout='30000 ms', localThreshold='15 ms'}, socketSettings=SocketSettings{connectTimeoutMS=10000, readTimeoutMS=0, receiveBufferSize=0, proxySettings=ProxySettings{host=null, port=null, username=null, password=null}}, heartbeatSocketSettings=SocketSettings{connectTimeoutMS=10000, readTimeoutMS=10000, receiveBufferSize=0, proxySettings=ProxySettings{host=null, port=null, username=null, password=null}}, connectionPoolSettings=ConnectionPoolSettings{maxSize=100, minSize=0, maxWaitTimeMS=120000, maxConnectionLifeTimeMS=0, maxConnectionIdleTimeMS=0, maintenanceInitialDelayMS=0, maintenanceFrequencyMS=60000, connectionPoolListeners=[], maxConnecting=2}, serverSettings=ServerSettings{heartbeatFrequencyMS=10000, minHeartbeatFrequencyMS=500, serverMonitoringMode=AUTO, serverListeners='[]', serverMonitorListeners='[]'}, sslSettings=SslSettings{enabled=false, invalidHostNameAllowed=false, context=null}, applicationName='null', compressorList=[], uuidRepresentation=JAVA_LEGACY, serverApi=null, autoEncryptionSettings=null, dnsClient=null, inetAddressResolver=null, contextProvider=null, timeoutMS=null}
|  INFO   |    2025-07-25 11:23:13   |   [cluster-ClusterId{value='68831bc905921da9174260e3', description='null'}-localhost:27017]   org.mongodb.driver.cluster  :  Monitor thread successfully connected to server with description ServerDescription{address=localhost:27017, type=STANDALONE, cryptd=false, state=CONNECTED, ok=true, minWireVersion=0, maxWireVersion=25, maxDocumentSize=16777216, logicalSessionTimeoutMinutes=30, roundTripTimeNanos=74546400, minRoundTripTimeNanos=0}
|  INFO   |    2025-07-25 11:23:14   |   [main]   com.vss.app.config.AppConfig  :  Initializing AuthenticationManager bean from AuthenticationConfiguration
|  INFO   |    2025-07-25 11:23:14   |   [main]   com.vss.app.config.AppConfig  :  Initializing BCryptPasswordEncoder bean
|  INFO   |    2025-07-25 11:23:14   |   [main]   o.s.s.c.a.a.c.InitializeUserDetailsBeanManagerConfigurer$InitializeUserDetailsManagerConfigurer  :  Global AuthenticationManager configured with UserDetailsService bean with name deliverypartnerDetailsService
|  INFO   |    2025-07-25 11:23:14   |   [main]   com.vss.app.service.ZipCodeService  :  ZipCodeService initialized with repositories
|  INFO   |    2025-07-25 11:23:14   |   [main]   c.v.app.controller.ZipCodeController  :  ZipCodeController initialized with ZipCodeService
|  INFO   |    2025-07-25 11:23:14   |   [main]   com.vss.app.config.SecurityConfig  :  Initializing security filter chain...
|  INFO   |    2025-07-25 11:23:14   |   [main]   com.vss.app.config.SecurityConfig  :  CORS support enabled in Spring Security
|  INFO   |    2025-07-25 11:23:14   |   [main]   com.vss.app.config.SecurityConfig  :  Setting security rules for HTTP requests
|  INFO   |    2025-07-25 11:23:14   |   [main]   com.vss.app.config.WebConfig  :  Configuring CORS for path pattern '/api/**'
|  INFO   |    2025-07-25 11:23:15   |   [main]   com.vss.app.config.WebConfig  :  CORS configuration applied: Origin=http://localhost:5173, Methods=[GET, POST, PUT, DELETE, OPTIONS]
|  INFO   |    2025-07-25 11:23:15   |   [main]   com.vss.app.config.SecurityConfig  :  Registering authentication entry point for exception handling
|  INFO   |    2025-07-25 11:23:15   |   [main]   com.vss.app.config.SecurityConfig  :  Configuring stateless session management
|  INFO   |    2025-07-25 11:23:15   |   [main]   com.vss.app.config.SecurityConfig  :  JWT authentication filter registered
|  INFO   |    2025-07-25 11:23:15   |   [main]   com.vss.app.config.SecurityConfig  :  Defining CORS configuration source...
|  INFO   |    2025-07-25 11:23:15   |   [main]   com.vss.app.config.SecurityConfig  :  CORS allowed origins: [http://localhost:5173]
|  INFO   |    2025-07-25 11:23:15   |   [main]   com.vss.app.config.SecurityConfig  :  CORS allowed methods: [GET, POST, PUT, DELETE, OPTIONS, PATCH]
|  INFO   |    2025-07-25 11:23:15   |   [main]   com.vss.app.config.SecurityConfig  :  CORS configuration applied to all endpoints
|  INFO   |    2025-07-25 11:23:15   |   [main]   o.s.b.w.e.tomcat.TomcatWebServer  :  Tomcat started on port 8080 (http) with context path '/'
|  INFO   |    2025-07-25 11:23:15   |   [main]   c.v.a.ECommDeliveryPartnerApplication  :  Started ECommDeliveryPartnerApplication in 7.651 seconds (process running for 8.569)
|  INFO   |    2025-07-25 11:23:20   |   [http-nio-8080-exec-1]   o.a.c.c.C.[Tomcat].[localhost].[/]  :  Initializing Spring DispatcherServlet 'dispatcherServlet'
|  INFO   |    2025-07-25 11:23:20   |   [http-nio-8080-exec-1]   o.s.web.servlet.DispatcherServlet  :  Initializing Servlet 'dispatcherServlet'
|  INFO   |    2025-07-25 11:23:20   |   [http-nio-8080-exec-1]   o.s.web.servlet.DispatcherServlet  :  Completed initialization in 2 ms
|  INFO   |    2025-07-25 11:23:20   |   [http-nio-8080-exec-1]   c.v.a.s.JwtAuthenticationFilter  :  Authorization Header: null
|  INFO   |    2025-07-25 11:23:20   |   [http-nio-8080-exec-1]   c.v.a.s.JwtAuthenticationFilter  :  Invalid Authorization header value or header missing
|  INFO   |    2025-07-25 11:23:21   |   [http-nio-8080-exec-1]   c.v.a.c.DeliveryPartnerController  :  Login attempt for email: ashudandge@gmail.com
|  INFO   |    2025-07-25 11:23:21   |   [http-nio-8080-exec-1]   c.v.a.s.DeliverypartnerDetailsService  :  Loading user by email: ashudandge@gmail.com
|  INFO   |    2025-07-25 11:23:21   |   [http-nio-8080-exec-1]   c.v.a.s.DeliverypartnerDetailsService  :  Loading user by email: ashudandge@gmail.com
|  INFO   |    2025-07-25 11:23:21   |   [http-nio-8080-exec-1]   com.vss.app.security.JwtHelper  :  Generated JWT token for subject: ashudandge@gmail.com
|  INFO   |    2025-07-25 11:23:21   |   [http-nio-8080-exec-1]   c.v.a.c.DeliveryPartnerController  :  Login successful for email: ashudandge@gmail.com
|  INFO   |    2025-07-25 11:23:25   |   [http-nio-8080-exec-3]   c.v.a.s.JwtAuthenticationFilter  :  Authorization Header: Bearer eyJhbGciOiJIUzUxMiJ9.eyJzdWIiOiJhc2h1ZGFuZGdlQGdtYWlsLmNvbSIsImlhdCI6MTc1MzQyMjgwMSwiZXhwIjoxNzUzNDQwODAxfQ.5VUwmM8SvZKJhp4ViG3M9KWtr-NG2Kb7l99ohpHS05o2K9oATl-PuC4PXCldCgQO25_7xsuLXySrhlGz1UmfoQ
|  INFO   |    2025-07-25 11:23:25   |   [http-nio-8080-exec-3]   c.v.a.s.DeliverypartnerDetailsService  :  Loading user by email: ashudandge@gmail.com
|  INFO   |    2025-07-25 11:23:25   |   [http-nio-8080-exec-3]   com.vss.app.security.JwtHelper  :  Token validation result for user ashudandge@gmail.com : true
|  INFO   |    2025-07-25 11:23:25   |   [http-nio-8080-exec-3]   c.v.a.s.JwtAuthenticationFilter  :  JWT Token validated successfully, authentication set for user: ashudandge@gmail.com
|  INFO   |    2025-07-25 11:23:25   |   [http-nio-8080-exec-3]   c.vss.app.controller.OrderController  :  Fetching all orders for partner: ashudandge@gmail.com
|  INFO   |    2025-07-25 11:23:25   |   [http-nio-8080-exec-3]   com.vss.app.service.OrderService  :  Fetching all orders for partner: ashudandge@gmail.com
|  INFO   |    2025-07-25 11:23:25   |   [http-nio-8080-exec-3]   com.vss.app.service.OrderService  :  Fetching orders for zip code: 443101
|  INFO   |    2025-07-25 11:23:25   |   [http-nio-8080-exec-3]   com.vss.app.service.OrderService  :  Processing order: order_QxBoCWKKxKGmME
|  INFO   |    2025-07-25 11:23:25   |   [http-nio-8080-exec-3]   com.vss.app.service.OrderService  :  Fetching orders for zip code: 443102
|  INFO   |    2025-07-25 11:23:25   |   [http-nio-8080-exec-3]   com.vss.app.service.OrderService  :  Processing order: order_QxBpDr0FO4x9pq
|  INFO   |    2025-07-25 11:23:25   |   [http-nio-8080-exec-3]   com.vss.app.service.OrderService  :  Processing order: order_QxBtbqpbsw49qk
|  INFO   |    2025-07-25 11:23:25   |   [http-nio-8080-exec-3]   c.vss.app.controller.OrderController  :  Found 3 orders for partner: ashudandge@gmail.com
|  INFO   |    2025-07-25 11:23:31   |   [http-nio-8080-exec-5]   c.v.a.s.JwtAuthenticationFilter  :  Authorization Header: Bearer eyJhbGciOiJIUzUxMiJ9.eyJzdWIiOiJhc2h1ZGFuZGdlQGdtYWlsLmNvbSIsImlhdCI6MTc1MzQyMjgwMSwiZXhwIjoxNzUzNDQwODAxfQ.5VUwmM8SvZKJhp4ViG3M9KWtr-NG2Kb7l99ohpHS05o2K9oATl-PuC4PXCldCgQO25_7xsuLXySrhlGz1UmfoQ
|  INFO   |    2025-07-25 11:23:31   |   [http-nio-8080-exec-5]   c.v.a.s.DeliverypartnerDetailsService  :  Loading user by email: ashudandge@gmail.com
|  INFO   |    2025-07-25 11:23:31   |   [http-nio-8080-exec-5]   com.vss.app.security.JwtHelper  :  Token validation result for user ashudandge@gmail.com : true
|  INFO   |    2025-07-25 11:23:31   |   [http-nio-8080-exec-5]   c.v.a.s.JwtAuthenticationFilter  :  JWT Token validated successfully, authentication set for user: ashudandge@gmail.com
|  INFO   |    2025-07-25 11:23:31   |   [http-nio-8080-exec-5]   c.vss.app.controller.OrderController  :  Accepting order: order_QxBoCWKKxKGmME for partner: ashudandge@gmail.com
|  INFO   |    2025-07-25 11:23:31   |   [http-nio-8080-exec-5]   com.vss.app.service.OrderService  :  Accepting order order_QxBoCWKKxKGmME for delivery by delivery partner ashudandge@gmail.com
|  INFO   |    2025-07-25 11:23:31   |   [http-nio-8080-exec-5]   c.vss.app.controller.OrderController  :  Order order_QxBoCWKKxKGmME accepted successfully by partner: ashudandge@gmail.com
|  INFO   |    2025-07-25 11:23:32   |   [http-nio-8080-exec-7]   c.v.a.s.JwtAuthenticationFilter  :  Authorization Header: Bearer eyJhbGciOiJIUzUxMiJ9.eyJzdWIiOiJhc2h1ZGFuZGdlQGdtYWlsLmNvbSIsImlhdCI6MTc1MzQyMjgwMSwiZXhwIjoxNzUzNDQwODAxfQ.5VUwmM8SvZKJhp4ViG3M9KWtr-NG2Kb7l99ohpHS05o2K9oATl-PuC4PXCldCgQO25_7xsuLXySrhlGz1UmfoQ
|  INFO   |    2025-07-25 11:23:32   |   [http-nio-8080-exec-7]   c.v.a.s.DeliverypartnerDetailsService  :  Loading user by email: ashudandge@gmail.com
|  INFO   |    2025-07-25 11:23:32   |   [http-nio-8080-exec-7]   com.vss.app.security.JwtHelper  :  Token validation result for user ashudandge@gmail.com : true
|  INFO   |    2025-07-25 11:23:32   |   [http-nio-8080-exec-7]   c.v.a.s.JwtAuthenticationFilter  :  JWT Token validated successfully, authentication set for user: ashudandge@gmail.com
|  INFO   |    2025-07-25 11:23:32   |   [http-nio-8080-exec-7]   c.vss.app.controller.OrderController  :  Fetching all orders for partner: ashudandge@gmail.com
|  INFO   |    2025-07-25 11:23:32   |   [http-nio-8080-exec-7]   com.vss.app.service.OrderService  :  Fetching all orders for partner: ashudandge@gmail.com
|  INFO   |    2025-07-25 11:23:32   |   [http-nio-8080-exec-7]   com.vss.app.service.OrderService  :  Fetching orders for zip code: 443101
|  INFO   |    2025-07-25 11:23:32   |   [http-nio-8080-exec-7]   com.vss.app.service.OrderService  :  Processing order: order_QxBoCWKKxKGmME
|  INFO   |    2025-07-25 11:23:32   |   [http-nio-8080-exec-7]   com.vss.app.service.OrderService  :  Fetching orders for zip code: 443102
|  INFO   |    2025-07-25 11:23:32   |   [http-nio-8080-exec-7]   com.vss.app.service.OrderService  :  Processing order: order_QxBpDr0FO4x9pq
|  INFO   |    2025-07-25 11:23:32   |   [http-nio-8080-exec-7]   com.vss.app.service.OrderService  :  Processing order: order_QxBtbqpbsw49qk
|  INFO   |    2025-07-25 11:23:32   |   [http-nio-8080-exec-7]   c.vss.app.controller.OrderController  :  Found 2 orders for partner: ashudandge@gmail.com
|  INFO   |    2025-07-25 11:23:36   |   [http-nio-8080-exec-9]   c.v.a.s.JwtAuthenticationFilter  :  Authorization Header: Bearer eyJhbGciOiJIUzUxMiJ9.eyJzdWIiOiJhc2h1ZGFuZGdlQGdtYWlsLmNvbSIsImlhdCI6MTc1MzQyMjgwMSwiZXhwIjoxNzUzNDQwODAxfQ.5VUwmM8SvZKJhp4ViG3M9KWtr-NG2Kb7l99ohpHS05o2K9oATl-PuC4PXCldCgQO25_7xsuLXySrhlGz1UmfoQ
|  INFO   |    2025-07-25 11:23:36   |   [http-nio-8080-exec-9]   c.v.a.s.DeliverypartnerDetailsService  :  Loading user by email: ashudandge@gmail.com
|  INFO   |    2025-07-25 11:23:36   |   [http-nio-8080-exec-9]   com.vss.app.security.JwtHelper  :  Token validation result for user ashudandge@gmail.com : true
|  INFO   |    2025-07-25 11:23:36   |   [http-nio-8080-exec-9]   c.v.a.s.JwtAuthenticationFilter  :  JWT Token validated successfully, authentication set for user: ashudandge@gmail.com
|  INFO   |    2025-07-25 11:23:36   |   [http-nio-8080-exec-9]   c.vss.app.controller.OrderController  :  Accepting order: order_QxBtbqpbsw49qk for partner: ashudandge@gmail.com
|  INFO   |    2025-07-25 11:23:36   |   [http-nio-8080-exec-9]   com.vss.app.service.OrderService  :  Accepting order order_QxBtbqpbsw49qk for delivery by delivery partner ashudandge@gmail.com
|  INFO   |    2025-07-25 11:23:36   |   [http-nio-8080-exec-9]   c.vss.app.controller.OrderController  :  Order order_QxBtbqpbsw49qk accepted successfully by partner: ashudandge@gmail.com
|  INFO   |    2025-07-25 11:23:37   |   [http-nio-8080-exec-1]   c.v.a.s.JwtAuthenticationFilter  :  Authorization Header: Bearer eyJhbGciOiJIUzUxMiJ9.eyJzdWIiOiJhc2h1ZGFuZGdlQGdtYWlsLmNvbSIsImlhdCI6MTc1MzQyMjgwMSwiZXhwIjoxNzUzNDQwODAxfQ.5VUwmM8SvZKJhp4ViG3M9KWtr-NG2Kb7l99ohpHS05o2K9oATl-PuC4PXCldCgQO25_7xsuLXySrhlGz1UmfoQ
|  INFO   |    2025-07-25 11:23:37   |   [http-nio-8080-exec-1]   c.v.a.s.DeliverypartnerDetailsService  :  Loading user by email: ashudandge@gmail.com
|  INFO   |    2025-07-25 11:23:37   |   [http-nio-8080-exec-1]   com.vss.app.security.JwtHelper  :  Token validation result for user ashudandge@gmail.com : true
|  INFO   |    2025-07-25 11:23:37   |   [http-nio-8080-exec-1]   c.v.a.s.JwtAuthenticationFilter  :  JWT Token validated successfully, authentication set for user: ashudandge@gmail.com
|  INFO   |    2025-07-25 11:23:37   |   [http-nio-8080-exec-1]   c.vss.app.controller.OrderController  :  Fetching all orders for partner: ashudandge@gmail.com
|  INFO   |    2025-07-25 11:23:37   |   [http-nio-8080-exec-1]   com.vss.app.service.OrderService  :  Fetching all orders for partner: ashudandge@gmail.com
|  INFO   |    2025-07-25 11:23:37   |   [http-nio-8080-exec-1]   com.vss.app.service.OrderService  :  Fetching orders for zip code: 443101
|  INFO   |    2025-07-25 11:23:37   |   [http-nio-8080-exec-1]   com.vss.app.service.OrderService  :  Processing order: order_QxBoCWKKxKGmME
|  INFO   |    2025-07-25 11:23:37   |   [http-nio-8080-exec-1]   com.vss.app.service.OrderService  :  Fetching orders for zip code: 443102
|  INFO   |    2025-07-25 11:23:37   |   [http-nio-8080-exec-1]   com.vss.app.service.OrderService  :  Processing order: order_QxBpDr0FO4x9pq
|  INFO   |    2025-07-25 11:23:37   |   [http-nio-8080-exec-1]   com.vss.app.service.OrderService  :  Processing order: order_QxBtbqpbsw49qk
|  INFO   |    2025-07-25 11:23:37   |   [http-nio-8080-exec-1]   c.vss.app.controller.OrderController  :  Found 1 orders for partner: ashudandge@gmail.com
|  INFO   |    2025-07-25 11:23:39   |   [http-nio-8080-exec-3]   c.v.a.s.JwtAuthenticationFilter  :  Authorization Header: Bearer eyJhbGciOiJIUzUxMiJ9.eyJzdWIiOiJhc2h1ZGFuZGdlQGdtYWlsLmNvbSIsImlhdCI6MTc1MzQyMjgwMSwiZXhwIjoxNzUzNDQwODAxfQ.5VUwmM8SvZKJhp4ViG3M9KWtr-NG2Kb7l99ohpHS05o2K9oATl-PuC4PXCldCgQO25_7xsuLXySrhlGz1UmfoQ
|  INFO   |    2025-07-25 11:23:39   |   [http-nio-8080-exec-3]   c.v.a.s.DeliverypartnerDetailsService  :  Loading user by email: ashudandge@gmail.com
|  INFO   |    2025-07-25 11:23:39   |   [http-nio-8080-exec-3]   com.vss.app.security.JwtHelper  :  Token validation result for user ashudandge@gmail.com : true
|  INFO   |    2025-07-25 11:23:39   |   [http-nio-8080-exec-3]   c.v.a.s.JwtAuthenticationFilter  :  JWT Token validated successfully, authentication set for user: ashudandge@gmail.com
|  INFO   |    2025-07-25 11:23:39   |   [http-nio-8080-exec-3]   c.vss.app.controller.OrderController  :  Fetching accepted orders for partner: ashudandge@gmail.com
|  INFO   |    2025-07-25 11:23:39   |   [http-nio-8080-exec-3]   com.vss.app.service.OrderService  :  Fetching all accepted orders for delivery partner: ashudandge@gmail.com
|  INFO   |    2025-07-25 11:23:39   |   [http-nio-8080-exec-3]   com.vss.app.service.OrderService  :  List<String> orderIds = partner.getOrders();
|  INFO   |    2025-07-25 11:23:39   |   [http-nio-8080-exec-3]   com.vss.app.service.OrderService  :  List<OrderEntity> acceptedOrders = new ArrayList<>();
|  INFO   |    2025-07-25 11:23:39   |   [http-nio-8080-exec-3]   com.vss.app.service.OrderService  :  for
|  INFO   |    2025-07-25 11:23:39   |   [http-nio-8080-exec-3]   com.vss.app.service.OrderService  :  Fetching accepted order: order_QxBoCWKKxKGmME
|  INFO   |    2025-07-25 11:23:39   |   [http-nio-8080-exec-3]   com.vss.app.service.OrderService  :  Fetching accepted order: order_QxBtbqpbsw49qk
|  INFO   |    2025-07-25 11:23:39   |   [http-nio-8080-exec-3]   com.vss.app.service.OrderService  :  return
|  INFO   |    2025-07-25 11:23:39   |   [http-nio-8080-exec-3]   c.vss.app.controller.OrderController  :  Found 2 accepted orders for partner: ashudandge@gmail.com
|  INFO   |    2025-07-25 11:23:41   |   [http-nio-8080-exec-5]   c.v.a.s.JwtAuthenticationFilter  :  Authorization Header: Bearer eyJhbGciOiJIUzUxMiJ9.eyJzdWIiOiJhc2h1ZGFuZGdlQGdtYWlsLmNvbSIsImlhdCI6MTc1MzQyMjgwMSwiZXhwIjoxNzUzNDQwODAxfQ.5VUwmM8SvZKJhp4ViG3M9KWtr-NG2Kb7l99ohpHS05o2K9oATl-PuC4PXCldCgQO25_7xsuLXySrhlGz1UmfoQ
|  INFO   |    2025-07-25 11:23:41   |   [http-nio-8080-exec-5]   c.v.a.s.DeliverypartnerDetailsService  :  Loading user by email: ashudandge@gmail.com
|  INFO   |    2025-07-25 11:23:41   |   [http-nio-8080-exec-5]   com.vss.app.security.JwtHelper  :  Token validation result for user ashudandge@gmail.com : true
|  INFO   |    2025-07-25 11:23:41   |   [http-nio-8080-exec-5]   c.v.a.s.JwtAuthenticationFilter  :  JWT Token validated successfully, authentication set for user: ashudandge@gmail.com
|  INFO   |    2025-07-25 11:23:41   |   [http-nio-8080-exec-5]   c.vss.app.service.DeliveryBoyService  :  Fetched 2 delivery boys for partnerId 12273a38-262a-47bf-9dae-43d8374c47b4
|  INFO   |    2025-07-25 11:23:41   |   [http-nio-8080-exec-5]   c.v.a.c.DeliveryBoyController  :  Returning 2 delivery boys for partnerId 12273a38-262a-47bf-9dae-43d8374c47b4
|  INFO   |    2025-07-25 11:23:45   |   [http-nio-8080-exec-7]   c.v.a.s.JwtAuthenticationFilter  :  Authorization Header: Bearer eyJhbGciOiJIUzUxMiJ9.eyJzdWIiOiJhc2h1ZGFuZGdlQGdtYWlsLmNvbSIsImlhdCI6MTc1MzQyMjgwMSwiZXhwIjoxNzUzNDQwODAxfQ.5VUwmM8SvZKJhp4ViG3M9KWtr-NG2Kb7l99ohpHS05o2K9oATl-PuC4PXCldCgQO25_7xsuLXySrhlGz1UmfoQ
|  INFO   |    2025-07-25 11:23:45   |   [http-nio-8080-exec-7]   c.v.a.s.DeliverypartnerDetailsService  :  Loading user by email: ashudandge@gmail.com
|  INFO   |    2025-07-25 11:23:45   |   [http-nio-8080-exec-7]   com.vss.app.security.JwtHelper  :  Token validation result for user ashudandge@gmail.com : true
|  INFO   |    2025-07-25 11:23:45   |   [http-nio-8080-exec-7]   c.v.a.s.JwtAuthenticationFilter  :  JWT Token validated successfully, authentication set for user: ashudandge@gmail.com
|  INFO   |    2025-07-25 11:23:45   |   [http-nio-8080-exec-7]   c.v.a.c.DeliveryBoyController  :  Assigning DeliveryBoy 68831200f1b4ec961b2db2ef to Order order_QxBoCWKKxKGmME
|  INFO   |    2025-07-25 11:23:45   |   [http-nio-8080-exec-7]   c.v.a.c.DeliveryBoyController  :  Assigning DeliveryBoy 68831200f1b4ec961b2db2ef to Order order_QxBoCWKKxKGmME for partner: ashudandge@gmail.com
|  INFO   |    2025-07-25 11:23:45   |   [http-nio-8080-exec-7]   c.vss.app.service.DeliveryBoyService  :  Assigning DeliveryBoy with ID: 68831200f1b4ec961b2db2ef to Order ID: order_QxBoCWKKxKGmME for DeliveryPartner with email: ashudandge@gmail.com
|  INFO   |    2025-07-25 11:23:45   |   [http-nio-8080-exec-7]   c.vss.app.service.DeliveryBoyService  :  Assigned DeliveryBoy with ID: 68831200f1b4ec961b2db2ef to Order ID: order_QxBoCWKKxKGmME successfully
|  INFO   |    2025-07-25 11:23:48   |   [http-nio-8080-exec-9]   c.v.a.s.JwtAuthenticationFilter  :  Authorization Header: Bearer eyJhbGciOiJIUzUxMiJ9.eyJzdWIiOiJhc2h1ZGFuZGdlQGdtYWlsLmNvbSIsImlhdCI6MTc1MzQyMjgwMSwiZXhwIjoxNzUzNDQwODAxfQ.5VUwmM8SvZKJhp4ViG3M9KWtr-NG2Kb7l99ohpHS05o2K9oATl-PuC4PXCldCgQO25_7xsuLXySrhlGz1UmfoQ
|  INFO   |    2025-07-25 11:23:48   |   [http-nio-8080-exec-9]   c.v.a.s.DeliverypartnerDetailsService  :  Loading user by email: ashudandge@gmail.com
|  INFO   |    2025-07-25 11:23:48   |   [http-nio-8080-exec-9]   com.vss.app.security.JwtHelper  :  Token validation result for user ashudandge@gmail.com : true
|  INFO   |    2025-07-25 11:23:48   |   [http-nio-8080-exec-9]   c.v.a.s.JwtAuthenticationFilter  :  JWT Token validated successfully, authentication set for user: ashudandge@gmail.com
|  INFO   |    2025-07-25 11:23:48   |   [http-nio-8080-exec-9]   c.vss.app.controller.OrderController  :  Fetching accepted orders for partner: ashudandge@gmail.com
|  INFO   |    2025-07-25 11:23:48   |   [http-nio-8080-exec-9]   com.vss.app.service.OrderService  :  Fetching all accepted orders for delivery partner: ashudandge@gmail.com
|  INFO   |    2025-07-25 11:23:48   |   [http-nio-8080-exec-9]   com.vss.app.service.OrderService  :  List<String> orderIds = partner.getOrders();
|  INFO   |    2025-07-25 11:23:48   |   [http-nio-8080-exec-9]   com.vss.app.service.OrderService  :  List<OrderEntity> acceptedOrders = new ArrayList<>();
|  INFO   |    2025-07-25 11:23:48   |   [http-nio-8080-exec-9]   com.vss.app.service.OrderService  :  for
|  INFO   |    2025-07-25 11:23:48   |   [http-nio-8080-exec-9]   com.vss.app.service.OrderService  :  Fetching accepted order: order_QxBtbqpbsw49qk
|  INFO   |    2025-07-25 11:23:48   |   [http-nio-8080-exec-9]   com.vss.app.service.OrderService  :  return
|  INFO   |    2025-07-25 11:23:48   |   [http-nio-8080-exec-9]   c.vss.app.controller.OrderController  :  Found 1 accepted orders for partner: ashudandge@gmail.com
|  INFO   |    2025-07-25 11:23:55   |   [http-nio-8080-exec-1]   c.v.a.s.JwtAuthenticationFilter  :  Authorization Header: Bearer eyJhbGciOiJIUzUxMiJ9.eyJzdWIiOiJhc2h1ZGFuZGdlQGdtYWlsLmNvbSIsImlhdCI6MTc1MzQyMjgwMSwiZXhwIjoxNzUzNDQwODAxfQ.5VUwmM8SvZKJhp4ViG3M9KWtr-NG2Kb7l99ohpHS05o2K9oATl-PuC4PXCldCgQO25_7xsuLXySrhlGz1UmfoQ
|  INFO   |    2025-07-25 11:23:55   |   [http-nio-8080-exec-1]   c.v.a.s.DeliverypartnerDetailsService  :  Loading user by email: ashudandge@gmail.com
|  INFO   |    2025-07-25 11:23:55   |   [http-nio-8080-exec-1]   com.vss.app.security.JwtHelper  :  Token validation result for user ashudandge@gmail.com : true
|  INFO   |    2025-07-25 11:23:55   |   [http-nio-8080-exec-1]   c.v.a.s.JwtAuthenticationFilter  :  JWT Token validated successfully, authentication set for user: ashudandge@gmail.com
|  INFO   |    2025-07-25 11:23:55   |   [http-nio-8080-exec-1]   c.vss.app.controller.OrderController  :  fetching assigned orders for partner:ashudandge@gmail.com
|  INFO   |    2025-07-25 11:23:55   |   [http-nio-8080-exec-1]   com.vss.app.service.OrderService  :  boy 68831200f1b4ec961b2db2ef
|  INFO   |    2025-07-25 11:24:00   |   [http-nio-8080-exec-3]   c.v.a.s.JwtAuthenticationFilter  :  Authorization Header: Bearer eyJhbGciOiJIUzUxMiJ9.eyJzdWIiOiJhc2h1ZGFuZGdlQGdtYWlsLmNvbSIsImlhdCI6MTc1MzQyMjgwMSwiZXhwIjoxNzUzNDQwODAxfQ.5VUwmM8SvZKJhp4ViG3M9KWtr-NG2Kb7l99ohpHS05o2K9oATl-PuC4PXCldCgQO25_7xsuLXySrhlGz1UmfoQ
|  INFO   |    2025-07-25 11:24:00   |   [http-nio-8080-exec-3]   c.v.a.s.DeliverypartnerDetailsService  :  Loading user by email: ashudandge@gmail.com
|  INFO   |    2025-07-25 11:24:00   |   [http-nio-8080-exec-3]   com.vss.app.security.JwtHelper  :  Token validation result for user ashudandge@gmail.com : true
|  INFO   |    2025-07-25 11:24:00   |   [http-nio-8080-exec-3]   c.v.a.s.JwtAuthenticationFilter  :  JWT Token validated successfully, authentication set for user: ashudandge@gmail.com
|  INFO   |    2025-07-25 11:24:00   |   [http-nio-8080-exec-3]   c.vss.app.controller.OrderController  :  Fetching accepted orders for partner: ashudandge@gmail.com
|  INFO   |    2025-07-25 11:24:00   |   [http-nio-8080-exec-3]   com.vss.app.service.OrderService  :  Fetching all accepted orders for delivery partner: ashudandge@gmail.com
|  INFO   |    2025-07-25 11:24:00   |   [http-nio-8080-exec-3]   com.vss.app.service.OrderService  :  List<String> orderIds = partner.getOrders();
|  INFO   |    2025-07-25 11:24:00   |   [http-nio-8080-exec-3]   com.vss.app.service.OrderService  :  List<OrderEntity> acceptedOrders = new ArrayList<>();
|  INFO   |    2025-07-25 11:24:00   |   [http-nio-8080-exec-3]   com.vss.app.service.OrderService  :  for
|  INFO   |    2025-07-25 11:24:00   |   [http-nio-8080-exec-3]   com.vss.app.service.OrderService  :  Fetching accepted order: order_QxBtbqpbsw49qk
|  INFO   |    2025-07-25 11:24:00   |   [http-nio-8080-exec-3]   com.vss.app.service.OrderService  :  return
|  INFO   |    2025-07-25 11:24:00   |   [http-nio-8080-exec-3]   c.vss.app.controller.OrderController  :  Found 1 accepted orders for partner: ashudandge@gmail.com
|  INFO   |    2025-07-25 11:24:01   |   [http-nio-8080-exec-5]   c.v.a.s.JwtAuthenticationFilter  :  Authorization Header: Bearer eyJhbGciOiJIUzUxMiJ9.eyJzdWIiOiJhc2h1ZGFuZGdlQGdtYWlsLmNvbSIsImlhdCI6MTc1MzQyMjgwMSwiZXhwIjoxNzUzNDQwODAxfQ.5VUwmM8SvZKJhp4ViG3M9KWtr-NG2Kb7l99ohpHS05o2K9oATl-PuC4PXCldCgQO25_7xsuLXySrhlGz1UmfoQ
|  INFO   |    2025-07-25 11:24:01   |   [http-nio-8080-exec-5]   c.v.a.s.DeliverypartnerDetailsService  :  Loading user by email: ashudandge@gmail.com
|  INFO   |    2025-07-25 11:24:01   |   [http-nio-8080-exec-5]   com.vss.app.security.JwtHelper  :  Token validation result for user ashudandge@gmail.com : true
|  INFO   |    2025-07-25 11:24:01   |   [http-nio-8080-exec-5]   c.v.a.s.JwtAuthenticationFilter  :  JWT Token validated successfully, authentication set for user: ashudandge@gmail.com
|  INFO   |    2025-07-25 11:24:01   |   [http-nio-8080-exec-5]   c.vss.app.controller.OrderController  :  fetching assigned orders for partner:ashudandge@gmail.com
|  INFO   |    2025-07-25 11:24:01   |   [http-nio-8080-exec-5]   com.vss.app.service.OrderService  :  boy 68831200f1b4ec961b2db2ef
|  INFO   |    2025-07-25 11:24:02   |   [http-nio-8080-exec-7]   c.v.a.s.JwtAuthenticationFilter  :  Authorization Header: Bearer eyJhbGciOiJIUzUxMiJ9.eyJzdWIiOiJhc2h1ZGFuZGdlQGdtYWlsLmNvbSIsImlhdCI6MTc1MzQyMjgwMSwiZXhwIjoxNzUzNDQwODAxfQ.5VUwmM8SvZKJhp4ViG3M9KWtr-NG2Kb7l99ohpHS05o2K9oATl-PuC4PXCldCgQO25_7xsuLXySrhlGz1UmfoQ
|  INFO   |    2025-07-25 11:24:02   |   [http-nio-8080-exec-7]   c.v.a.s.DeliverypartnerDetailsService  :  Loading user by email: ashudandge@gmail.com
|  INFO   |    2025-07-25 11:24:02   |   [http-nio-8080-exec-7]   com.vss.app.security.JwtHelper  :  Token validation result for user ashudandge@gmail.com : true
|  INFO   |    2025-07-25 11:24:02   |   [http-nio-8080-exec-7]   c.v.a.s.JwtAuthenticationFilter  :  JWT Token validated successfully, authentication set for user: ashudandge@gmail.com
|  INFO   |    2025-07-25 11:24:02   |   [http-nio-8080-exec-7]   c.vss.app.controller.OrderController  :  fetching assigned orders for partner:ashudandge@gmail.com
|  INFO   |    2025-07-25 11:24:45   |   [SpringApplicationShutdownHook]   o.s.b.w.e.tomcat.GracefulShutdown  :  Commencing graceful shutdown. Waiting for active requests to complete
|  INFO   |    2025-07-25 11:24:45   |   [tomcat-shutdown]   o.s.b.w.e.tomcat.GracefulShutdown  :  Graceful shutdown complete
